공모전명,주최,주관,접수기간,분야,응모대상,시상내역,조회수,포스터
한국스마트정보교육원 24년 상반기 SW개발 공모전 (SW개발아이디어 및 결과물),한국스마트정보교육원,한국스마트정보교육원,24.01.30 ~ 24.06.28,아이디어·창업·네이밍,"일반인, 대학생, 대학원생",상장 및 상금 (1등(최우수상) / 2등(우수상) / 3등(장려상)),0,https://www.all-con.co.kr/data/poster/2401/509068.png?v=1706602852
2024 의성사랑 유튜브 공모전,의성군,의성군,24.01.22 ~ 24.07.31,사진·영상,제한없음,"15점 1,500만원",0,https://www.all-con.co.kr/data/poster/2402/509123.webp?v=1706754583
제1회 안동문화상 공모전 (미술 / 문학),재단법인 한국정신문화재단,안동문화상 운영위원회,24.02.01 ~ 24.06.30,디자인·그림·웹툰,제한없음,"부문별 대상 1,000만원 상금",0,https://www.all-con.co.kr/data/poster/2402/509196.jpg?v=1706840132
MAD STARTS 2024 부산국제마케팅광고제,(사)부산국제마케팅광고제,(사)부산국제마케팅광고제,24.02.08 ~ 24.06.15,사진·영상,"일반인, 대학생, 대학원생",일반인 부문 : Gold / Silver / Bronze / Crystal 外,0,https://www.all-con.co.kr/data/poster/2402/509410.jpg?v=1707366721
제14회 대한민국무궁화미술대전 공모전,대한민국무궁화미술대전 위원회,(사)대한민국무궁화예술협회,24.06.01 ~ 24.06.12,디자인·그림·웹툰,"일반인, 대학생, 대학원생, 초등학생, 중학생, 고등학생","종합대상(국회의장상) 및 부문별 대상(장관상 및 지자체장 상), 단제장상",0,https://www.all-con.co.kr/data/poster/2402/509514.jpg?v=1707810682
2024 대한민국 영재발굴대전,"한국미술진흥원,한국영재발굴재단,후암아트센터",대한민국 영재발굴재단 운영위원회,24.02.20 ~ 24.12.25,아이디어·창업·네이밍,"초등학생, 중학생, 고등학생","우수학생 종합대상 : 상장 및 작항금 100만원 수여 유명멘토와 1:1멘토링, 언론보도 外",0,https://www.all-con.co.kr/data/poster/2402/509546.jpg?v=1707884914
2024년 제3회 충청남도 드론 영상 및 사진 공모전,충청남도청,충청남도청,24.02.01 ~ 24.10.31,사진·영상,제한없음,충청남도지사상 및 상금 총 1천만원,0,https://www.all-con.co.kr/data/poster/2402/509555.jpg?v=1707891671
한전KDN <국민제안 혁신 DESK> 운영,한전KDN,한전KDN,24.01.01 ~ 24.12.31,아이디어·창업·네이밍,제한없음,"최우수(30만원), 우수(15만원), 장려(5만원)",0,https://www.all-con.co.kr/data/poster/2402/509608.png?v=1716769612
제3회 백조학술논문상 공모,화성문화원,노작홍사용문학관,24.02.14 ~ 24.07.31,문학·학술·공학,"일반인, 대학생, 대학원생",백조학술논문상(1편) : 상금(300만원) 및 상패 수여,0,https://www.all-con.co.kr/data/poster/2402/509645.jpg?v=1708043176
2024 정읍시 관광 유튜브 공모전,정읍시,정읍시,24.11.04 ~ 24.11.22,사진·영상,제한없음,대상(1명 1천만원) / 최우수상(1명 7백만원) / 우수상(1명 5백만원) / 장려상 (3명 1백만원),0,https://www.all-con.co.kr/data/poster/2402/509886.jpg?v=1708577136
제1회 내포문화숲길 사진 공모전,내포문화숲길,내포문화숲길,24.03.04 ~ 24.08.31,사진·영상,제한없음,총상금: 600만원  대상: 150만원 外,0,https://www.all-con.co.kr/data/poster/2402/509893.jpg?v=1709083443
2024년 상반기 속초시시설관리공단 ESG 혁신아이디어 공모전,속초시시설관리공단,속초시시설관리공단,24.02.22 ~ 24.06.28,아이디어·창업·네이밍,제한없음,"최우수상 50만원(1명), 우수상 30만원(1명), 장려상 10만원(1명), 제안상 3만원(5명)",0,https://www.all-con.co.kr/data/poster/2402/510155.jpg?v=1709199766
제16회 대전광역시 공공디자인 공모전,대전광역시,대전광역시,24.06.10 ~ 24.06.24,아이디어·창업·네이밍,제한없음,"대상 등 총 1,700만원",0,https://www.all-con.co.kr/data/poster/2403/510257.jpg?v=1709617386
2024 블라이스xSBA 정식연재 공모전,"블라이스, SBA","블라이스, SBA",24.03.01 ~ 24.06.30,디자인·그림·웹툰,제한없음,총 상금 1.5억 원 外,0,https://www.all-con.co.kr/data/poster/2403/510264.png?v=1709627149
제19회 지리산문학상 공모,지리산문학회 · 계간 『시산맥』/지리산문학상 운영위원회,지리산문학회 · 계간 『시산맥』/지리산문학상 운영위원회,24.02.14 ~ 24.06.30,문학·학술·공학,"일반인, 대학생, 대학원생","1,000만원",0,https://www.all-con.co.kr/data/poster/2403/510286.png?v=1709684467
제11회 광융합 기술사업화 아이디어 및 제품디자인 공모전,한국광기술원,한국광기술원,24.04.01 ~ 24.06.28,아이디어·창업·네이밍,제한없음,"총상금 1,550만원 및 산업통상자원부 장관상 수상 기회",0,https://www.all-con.co.kr/data/poster/2403/510327.jpg?v=1709716626
2024년 제11회 유닛로드시스템(ULS) 창의성 공모전,(사)한국파렛트컨테이너협회,"(사)한국파렛트컨테이너협회, 대한상공회의소",24.03.01 ~ 24.07.31,아이디어·창업·네이밍,"일반인, 대학생, 대학원생",대상(국톡교통부장관상) 外,0,https://www.all-con.co.kr/data/poster/2403/510374.jpg?v=1710135928
제14회 제주 공공디자인 공모전,제주특별자치도,제주특별자치도,24.06.17 ~ 24.07.01,디자인·그림·웹툰,제한없음,"총 상금 1,000만원",0,https://www.all-con.co.kr/data/poster/2403/510481.jpg?v=1710132460
나의 병역이야기 공모전,병무청,병무청,24.03.11 ~ 24.06.28,사진·영상,제한없음,"총 35편, 1900만원",0,https://www.all-con.co.kr/data/poster/2403/510500.png?v=1713422288
디지털 일러스트 공모전,서울호서전문학교,서울호서전문학교,24.02.29 ~ 24.09.30,디자인·그림·웹툰,고등학생,"총 9개(명), 상금 총 240만원 및 입학 장학금",0,https://www.all-con.co.kr/data/poster/2403/510503.jpg?v=1710141067
"중앙회화대전 2024, 경계를 넘어",중앙일보,아람비,24.03.11 ~ 24.06.21,디자인·그림·웹툰,제한없음,"대상 1,000만원",0,https://www.all-con.co.kr/data/poster/2403/510506.jpg?v=1710203462
2024 울산동구 사진/숏폼 공모전,울산광역시 동구,울산광역시 동구,24.09.01 ~ 24.09.30,사진·영상,제한없음,"총 상금 1,300만원",0,https://www.all-con.co.kr/data/poster/2403/510519.png?v=1710146969
2024년 제15회 겨레얼살리기 전국 고등학생 백일장대회,"사단법인 겨레얼살리기국민운동본부, 종로구 공동주최",사단법인 겨레얼살리기국민운동본부,24.05.10 ~ 24.06.16,문학·학술·공학,고등학생,"국무총리상 1점, 문화체육관광부장관상 3점 外",0,https://www.all-con.co.kr/data/poster/2403/510624.jpg?v=1710317549
2024 경북 관광기업 청년 인턴 지원사업,경북관광기업지원센터,"문화체육관광부, 경상북도, 경주시, 한국관광공사, 경상북도문화관광공사",24.02.27 ~ 24.12.31,아이디어·창업·네이밍,제한없음,신규 채용 청년 인턴 급여 2개월 지원(1인당 월 최대 150만 원),0,https://www.all-con.co.kr/data/poster/2403/510690.jpg?v=1710465278
2024년 아이소리 공모전,파라다이스복지재단,파라다이스복지재단,24.03.01 ~ 24.06.30,아이디어·창업·네이밍,"일반인, 대학생, 대학원생, 기타 (전문가)",대상 1팀 : 300만원 外,0,https://www.all-con.co.kr/data/poster/2403/510698.png?v=1710469866
2024 안정리예술인광장 어린이 그림 그리기 대회,평택시문화재단,평택시문화재단,24.04.01 ~ 24.07.01,디자인·그림·웹툰,"초등학생, 주부 및 영유아","총 22명 수상, 대상(경기도지사상, 1명) 外",0,https://www.all-con.co.kr/data/poster/2403/510808.jpg?v=1710839089
2024 도코모모코리아 근현대건축 공모전 및 국제학술대회,문화재청,(사)도코모모코리아,24.04.01 ~ 24.06.30,디자인·그림·웹툰,대학생,대상(1작품) 600만원 外,0,https://www.all-con.co.kr/data/poster/2403/510826.jpg?v=1710810981
2024 한국리모델링건축대전,(사)한국리모델링협회,(사)한국리모델링협회 건축기술위원회,24.07.01 ~ 24.07.02,디자인·그림·웹툰,"일반인, 대학생",대상(1점) 상금 300만원 外,0,https://www.all-con.co.kr/data/poster/2403/510829.jpg?v=1710811758
제 16회 대한민국 도시숲 설계공모대전,산림청,(주)한국조경신문,24.07.29 ~ 24.08.02,디자인·그림·웹툰,"일반인, 대학생, 대학원생, 기타",최우수상(1팀) 농림축산식품부장관상 및 상금 500만원 外,0,https://www.all-con.co.kr/data/poster/2403/510873.jpg?v=1710896840
2024 청강 패션뷰티스타일 공모전,청강문화산업대학교,청강문화산업대학교 패션뷰티스타일스쿨,24.03.18 ~ 24.08.08,디자인·그림·웹툰,"중학생, 고등학생","대상 : 상장 및 상금 100만원, 우선입학 등",0,https://www.all-con.co.kr/data/poster/2403/510988.jpg?v=1711083454
제6회 유니버설디자인 아이디어 대전,한국장애인개발원/한국장애인개발원,한국장애인개발원/한국장애인개발원,24.07.22 ~ 24.07.26,아이디어·창업·네이밍,제한없음,"상금+상품(총상금 : 1,950만원 / 1위 : 300만원 / 상품 : 상장)",0,https://www.all-con.co.kr/data/poster/2403/511066.jpg?v=1711425726
충청북도 60초 영상공모전,충청북도청,충청북도청,24.02.26 ~ 24.06.14,사진·영상,제한없음,"대상 1편, 최우수상 2편, 우수상 3편 外",0,https://www.all-con.co.kr/data/poster/2403/511099.png?v=1715933061
패스트캠퍼스 국비지원 ChatGPT 강의 홍보용 콘텐츠 공모전,패스트캠퍼스,패스트캠퍼스,24.03.22 ~ 24.06.26,아이디어·창업·네이밍,대학생,"대상 (총 3명) : 상장 및 상금 1,000,000원 外",0,https://www.all-con.co.kr/data/poster/2403/511114.png?v=1711599973
제8회 개방형 클라우드 플랫폼(K-PaaS) 기반 서비스 개발 아이디어 공모전,과학기술정보통신부,한국지능정보사회진흥원,24.03.25 ~ 24.10.31,아이디어·창업·네이밍,제한없음,"총 12점(상금 3,000만원, 크레딧 600만원 규모)",0,https://www.all-con.co.kr/data/poster/2403/511121.jpg?v=1711441700
설악플레이 릴스 공모전,설악플레이,설악플레이,24.03.25 ~ 24.06.30,사진·영상,제한없음,선착순 기프티콘 30명,0,https://www.all-con.co.kr/data/poster/2403/511134.png?v=1711512771
제59회 대한민국디자인전람회 공고,산업통상자원부,"한국디자인진흥원, 사단법인 한국디자인단체총연합회",24.05.01 ~ 24.06.30,디자인·그림·웹툰,"일반인, 대학생, 대학원생, 초등학생, 중학생, 고등학생","총 상금 8,500만원: (일반/대학생부문) 1등 상금 3,000만원 外",0,https://www.all-con.co.kr/data/poster/2403/511141.png?v=1711513879
2024년 제1회 산업안전 상생 논문 경진대회,재단법인 산업안전상생재단,재단법인 산업안전상생재단,24.04.01 ~ 24.07.05,문학·학술·공학,제한없음,부문별로 상이,0,https://www.all-con.co.kr/data/poster/2403/511157.png?v=1711525091
제3회 아트밸리아산 전국 호국보훈청소년영상제,아산시,아산시청소년교육문화센터,24.05.25 ~ 24.08.17,사진·영상,"대학생, 대학원생, 초등학생, 중학생, 고등학생","총상금 1040만원 / 대상, 최우수상, 우수상, 장려상",0,https://www.all-con.co.kr/data/poster/2403/511162.jpg?v=1711529695
제9회 지방자치분권·균형발전 실현 정책제안 공모,"부산일보사, 지방분권균형발전 부산시민연대",사)시민정책공방,24.03.27 ~ 24.10.11,아이디어·창업·네이밍,"일반인, 대학생, 대학원생",대상(최우수) 1명(300만원) 外,0,https://www.all-con.co.kr/data/poster/2403/511178.jpg?v=1713318614
"농식품 공공데이터, 창업경진대회 작품 공모","농림축산식품부, 농촌진흥청","농림수산식품교육문화정보원, 한국농어촌공사, 한국농수산식품유통공사(aT), 한국마사회, 축산물품질평가원, 농업정책보험금융원, 축산환경관리원, 한국농업기술진흥원",24.03.25 ~ 24.07.01,아이디어·창업·네이밍,제한없음,"총 18개(대상 3점, 최우수상 3점, 우수상 12점) 팀",0,https://www.all-con.co.kr/data/poster/2403/511191.jpg?v=1711605955
2024년 제7회 이어도 어린이·청소년 글·그림 공모전,(사)이어도연구회,(사)이어도연구회,24.04.01 ~ 24.08.31,디자인·그림·웹툰,"초등학생, 중학생, 고등학생",대상 50만원 해양수상부장관상 등,0,https://www.all-con.co.kr/data/poster/2403/511226.jpg?v=1711685901
2024 고용노동 공공데이터 활용 공모전,고용노동부,근로복지공단 한국고용정보원,24.03.28 ~ 24.07.21,아이디어·창업·네이밍,제한없음,"1등 400만원 총 1,650만원 이외 포스터 이미지 및 공식 홈페이지 참고",0,https://www.all-con.co.kr/data/poster/2403/511237.png?v=1711696268
2024년 충남관광 숏폼 영상 공모전,충청남도,충청남도,24.04.01 ~ 24.08.30,사진·영상,제한없음,"총상금 2,700만원",0,https://www.all-con.co.kr/data/poster/2404/511284.jpg?v=1713157163
문화다양성축제공모전MAMF영화제,경상남도 / 창원특례시 / 경남이주민노동복지센터 / 창원문화재단,MAMF(맘프)2024추진위원회/ 경남영화협회,24.04.01 ~ 24.09.06,사진·영상,제한없음,총 상금 600만원,0,https://www.all-con.co.kr/data/poster/2404/511320.jpg?v=1713943905
2024 국민 아이디어 공모제 국민과 함께 좋은 법 만들기,법제처,법제처,24.04.01 ~ 24.06.30,아이디어·창업·네이밍,제한없음,1등 100만원 상당 부상 포스터 이미지 및 공식 홈페이지 참고,0,https://www.all-con.co.kr/data/poster/2404/511328.jpg?v=1712018310
제9회 세계일보 UCC&사진 공모전,세계일보,세계일보,24.03.25 ~ 24.06.21,사진·영상,"일반인, 대학생, 대학원생, 중학생, 고등학생, 주부 및 영유아","UCC 영상(개인 또는 팀) - 12명, 1,020만원",0,https://www.all-con.co.kr/data/poster/2404/511339.png?v=1712037131
화성ICT생활문화센터 숏폼 영상 공모전,화성시,화성ICT생활문화센터,24.04.02 ~ 24.07.31,사진·영상,제한없음,시상금 및 화성시장상 수여,0,https://www.all-con.co.kr/data/poster/2404/511355.jpg?v=1712037479
60초로 보는 군위 영상 공모전,대구광역식 군위군,대구광역시 군위군,24.04.01 ~ 24.07.31,사진·영상,제한없음,"대상 300만원(1편), 최우수상 150만원(2편) 外",0,https://www.all-con.co.kr/data/poster/2404/511372.png?v=1712045785
국제 엔지니어링 및 디자인 공모전 제임스 다이슨 어워드 2024 참가자 모집,제임스 다이슨 재단,제임스 다이슨 재단,24.03.06 ~ 24.07.17,아이디어·창업·네이밍,"일반인, 대학생, 대학원생",지원 조건에 부합하는 모든 참가자에게는 별도 참가 증서 제공 예정  外,0,https://www.all-con.co.kr/data/poster/2404/511386.jpg?v=1715047523
2024 ACC 민주·인권·평화 웹툰 공모전,국립아시아문화전당,국립아시아문화전당,24.04.01 ~ 24.06.16,디자인·그림·웹툰,제한없음,"대상(부문별 각 1) 문제부장관상, 상금 500만원 外",0,https://www.all-con.co.kr/data/poster/2404/511433.png?v=1714710827
부산영상위원회 2024 BFC 스토리 IP 공모전,부산영상위원회,부산영상위원회,24.06.03 ~ 24.06.30,사진·영상,기타 (부산 및 경남권 지역에서 활동 중인 창작자),공고문 참고,0,https://www.all-con.co.kr/data/poster/2404/511462.jpg?v=1712206171
2024 창녕 교동과 송현동 고분군 세계유산 등재 기념 사진 공모전,창녕군 관광환경국 문화예술과/스마트크리에이터,창녕군 관광환경국 문화예술과/스마트크리에이터,24.11.01 ~ 24.11.29,사진·영상,제한없음,상금(총상금 : 590만원 / 1위 : 300만원),0,https://www.all-con.co.kr/data/poster/2404/511505.jpg?v=1712299221
2024년 안견문화제 전국청소년미술공모전,서산시,"(재)서산문화재단, (사)안견기념사업회",24.06.17 ~ 24.06.21,디자인·그림·웹툰,"초등학생, 중학생, 고등학생","총 상금 1,200만원",0,https://www.all-con.co.kr/data/poster/2404/511509.jpg?v=1712295299
제5회 시험·연구용 유전자변형생물체 안전 콘텐츠 공모전 공고,과학기술정보통신부,한국생명공학연구원 국가연구안전관리본부,24.04.04 ~ 24.06.30,사진·영상,제한없음,"총 상금 2,990만원, 37명(팀) 시상(장관상 3점)",0,https://www.all-con.co.kr/data/poster/2404/511518.jpg?v=1713422031
제12회 수림문학상 작품 공모,"(주)연합뉴스, 수림문화재단","(주)연합뉴스, 수림문화재단",24.04.08 ~ 24.06.21,문학·학술·공학,"일반인, 기타 (신인 및 등단 10년차 미만의 기성 작가)","당선작 1편, 5천만원 (당선작 없는 가작은 2천500만원)",0,https://www.all-con.co.kr/data/poster/2404/511567.jpg?v=1712553407
제5회 뉴스읽기 뉴스일기 공모전,한국언론진흥재단,한국언론진흥재단,24.04.01 ~ 24.07.31,문학·학술·공학,"초등학생, 중학생, 고등학생","1등 300만원 총 5,600만원",0,https://www.all-con.co.kr/data/poster/2404/511596.jpg?v=1712560771
2024년 제3회 음주환경 개선 청년 토론대회,"대구동구보건소, 대구동구중독관리통합지원센터","대구동구보건소, 대구동구중독관리통합지원센터",24.04.01 ~ 24.07.17,아이디어·창업·네이밍,"일반인, 대학생, 대학원생","대상: 100만원, 최우수상: 50만원, 우수상: 30만원",0,https://www.all-con.co.kr/data/poster/2404/511597.jpg?v=1712560909
2024년 트래블 이노베이션 아이디어 공모전,"야놀자리서치, 야놀자, 인터파크트리플",야놀자리서치,24.06.24 ~ 24.07.08,아이디어·창업·네이밍,"대학생, 대학원생",대상 1팀 500만원 外,0,https://www.all-con.co.kr/data/poster/2404/511600.png?v=1714629687
2024 대한민국지역문화대전 제39회 전국향토문화공모전,문화체육관광부,한국문화원연합회,24.04.01 ~ 24.06.27,문학·학술·공학,제한없음,"총 상금 1,400만원",0,https://www.all-con.co.kr/data/poster/2404/511613.jpg?v=1714035273
지속가능한 사회를 위한 그린클래스 후기 공모전,"LG화학, 사랑의 열매, 기아대책","동아사이언스, 킹클, Global Compact",24.05.20 ~ 24.06.20,사진·영상,"중학생, 고등학생, 기타","개인 1등(1명) : 50만원 상당 상품, 학급 1등(1팀) : 100만원 상당 상품",0,https://www.all-con.co.kr/data/poster/2404/511621.jpg?v=1712622970
제12회 K-해커톤,과학기술정보통신부,"정보통신산업진흥원, SWKOREA",24.05.13 ~ 24.06.14,문학·학술·공학,"일반인, 대학생, 대학원생",대상(1) : 300만원 + 과학기술정보통신부 장관상 등,0,https://www.all-con.co.kr/data/poster/2404/511633.jpg?v=1712627210
2024 공군 창의ㆍ혁신 아이디어 공모 해커톤,공군본부,"서울시, IBK기업은행, 대전창조경제혁신센터, 한국청년기업가정신재단, KT",24.04.15 ~ 24.07.13,아이디어·창업·네이밍,제한없음,"공군 참모총장상/서울시장 등 총 상금 3,450만원",0,https://www.all-con.co.kr/data/poster/2404/511635.jpg?v=1712635946
제 3회 영천시 공공데이터활용 경진대회,영천시,"포항테크노파크, 경북SW진흥본부",24.04.15 ~ 24.06.14,아이디어·창업·네이밍,제한없음,아이디어 부문  - 최우수(1) 영천시장상 200만원 外,0,https://www.all-con.co.kr/data/poster/2404/511650.jpg?v=1715331879
2024 부산국제마케팅광고제(MAD STARS 2024) 출품 안내,(사)부산국제마케팅광고제,(사)부산국제마케팅광고제,24.02.05 ~ 24.06.15,아이디어·창업·네이밍,"일반인, 대학생, 대학원생","금상, 은상, 동상, 크리스탈 外",0,https://www.all-con.co.kr/data/poster/2404/511696.png?v=1712796304
의령 방문의 해 기념 온라인 사진전,해솔x의령관광,해솔x의령관광,24.04.08 ~ 24.07.12,사진·영상,제한없음,축제 부문(10점) • 관광부문(18점),0,https://www.all-con.co.kr/data/poster/2404/511747.png?v=1712826319
제5회 평화통일 사진 동영상(숏폼) 공모전,만주평화통일자문회의 양평군협의회,만주평화통일자문회의 양평군협의회,24.04.08 ~ 24.06.30,사진·영상,제한없음,"사진 13작품 (130만원), 숏폼 6~7작품(100만원) 外",0,https://www.all-con.co.kr/data/poster/2404/511748.png?v=1715151347
제10회 이천 관광 전국 사진 공모전,이천시,(사)한국사진작가협회 이천지부,24.10.04 ~ 24.11.04,사진·영상,제한없음,금상 1점 : 이천시장 상장 및 상금 100만원 外,0,https://www.all-con.co.kr/data/poster/2404/511773.jpg?v=1712889430
제11회 학교폭력예방 웹툰영상 공모전,"국립춘천병원, 강원특별자치도경찰청",국립춘천병원,24.04.26 ~ 24.07.21,사진·영상,"초등학생, 중학생, 고등학생, 기타 (강원특별자치도내 만18세 미만 아동청소년)",총 450만원/22명(팀),0,https://www.all-con.co.kr/data/poster/2404/511780.jpg?v=1717118873
부산교통공사 시민톡톡아이디어 공모전,부산교통공사,부산교통공사,24.04.12 ~ 24.12.31,아이디어·창업·네이밍,제한없음,"포상금: 금상 200만원, 은상 100만원, 동상 30만원, 장려상 10만원, 참여상 5만원",0,https://www.all-con.co.kr/data/poster/2404/511782.png?v=1712909958
2024년 우리가 바라는 안전한 학교 공모전,"교육부, 17개 시 ·도교육청, 한국교육시설안전원","교육부, 17개 시 ·도교육청, 한국교육시설안전원",24.04.11 ~ 24.06.28,아이디어·창업·네이밍,제한없음,1등 100만원(부문별 상이) 外,0,https://www.all-con.co.kr/data/poster/2404/511834.jpg?v=1713159172
2024 대전 동구 관광 콘텐츠 아이디어 공모전,대전광역시 동구,대전광역시 동구,24.06.10 ~ 24.06.13,아이디어·창업·네이밍,제한없음,총 상금 800만원 / 총 23점,0,https://www.all-con.co.kr/data/poster/2404/511835.png?v=1716455299
2024년 위해정보 데이터 활용 아이디어 공모전,한국소비자원,한국소비자원,24.04.15 ~ 24.06.14,아이디어·창업·네이밍,제한없음,"대상(1팀), 우수상(1팀), 장려상(1팀)",0,https://www.all-con.co.kr/data/poster/2404/511842.png?v=1713164857
2024년 위해정보 데이터 분석보고서 공모전,한국소비자원,한국소비자원,24.04.15 ~ 24.06.14,아이디어·창업·네이밍,"대학생, 대학원생","대상(1팀), 우수상(1팀), 장려상(1팀)",0,https://www.all-con.co.kr/data/poster/2404/511843.png?v=1713164912
BNK경남은행과 함께하는 경남 청년공감스토리 공모전,(주)경남도민일보사,(주)경남도민일보사,24.03.15 ~ 24.06.15,사진·영상,"일반인, 대학생, 대학원생, 주부 및 영유아, 기타 (경남지역 거주 혹은 경남 출신 청년(만 19~34세) 누구나 ※ 응모자 선착순 150명 스타벅스 커피 쿠폰 제공)",총상금 410만원,0,https://www.all-con.co.kr/data/poster/2404/511865.jpg?v=1713228524
제14회 부산 MICE 콘텐츠 공모전,부산광역시,(사)부산관광마이스진흥회,24.05.27 ~ 24.06.28,아이디어·창업·네이밍,제한없음,"(대상) 1팀 300만원, (우수상) 2팀 각 150만원, (장려상) 5팀 각 100만원",0,https://www.all-con.co.kr/data/poster/2404/511928.jpg?v=1713318375
2024 씨앤씨인터내셔널 화장품 기획∙개발 공모전,씨앤씨인터내셔널 화장품 공모전 운영사무국,씨앤씨인터내셔널 화장품 공모전 운영사무국,24.04.15 ~ 24.06.30,아이디어·창업·네이밍,대학생,총상금 1500만,0,https://www.all-con.co.kr/data/poster/2404/511948.png?v=1713334731
강원콘텐츠코리아랩  웹툰 캐릭터 공모전,강원정보문화산업진흥원,강원정보문화산업진흥원,24.04.12 ~ 24.06.16,디자인·그림·웹툰,제한없음,대상 1건(300만원) 外,0,https://www.all-con.co.kr/data/poster/2404/511969.jpg?v=1713343982
제19회 전태일 청소년 문학상,전태일재단·경향신문사,전태일문학상 운영위원회,24.04.05 ~ 24.08.14,문학·학술·공학,"초등학생, 중학생, 고등학생",문화체육관광부 장관상 外,0,https://www.all-con.co.kr/data/poster/2404/511985.jpg?v=1713401067
제32회 전태일 문학상,전태일재단·경향신문사,전태일문학상 운영위원회,24.04.05 ~ 24.07.12,문학·학술·공학,제한없음,상금 200만원 外,0,https://www.all-con.co.kr/data/poster/2404/511986.jpg?v=1713401310
제25회 도산안창호 글짓기 및 독후감 공모전,(사)도산안창호선생기념사업회,(사)도산안창호선생기념사업회,24.04.01 ~ 24.09.30,문학·학술·공학,제한없음,부문 별 시상: 대상(일반부 1명) 50만원 外,0,https://www.all-con.co.kr/data/poster/2404/511992.jpg?v=1713402694
2024 장애인 유튜브 콘텐츠 공모전,"포스코DX, 한국지체장애인협회","포스코휴먼스, 한려해상국립공원사무소",24.04.30 ~ 24.08.31,사진·영상,기타 (만 9세이상 개인(장애인) 또는 팀),총 상금 1450만원,0,https://www.all-con.co.kr/data/poster/2404/512000.jpg?v=1713406437
2024 근대골목 일러스트 공모전,대구광역시 중구,근대골목일러스트공모전 사무국,24.04.10 ~ 24.09.30,디자인·그림·웹툰,제한없음,"총 14팀 수상(대상2, 최우수상2, 우수상4, 장려상6)",0,https://www.all-con.co.kr/data/poster/2404/512025.png?v=1713421769
2024년 치매인식개선 영상 공모전,대구광역시,대구광역치매센터,24.04.17 ~ 24.06.14,사진·영상,기타 (대구시민 누구나(개인 또는 팀)),총 270만원,0,https://www.all-con.co.kr/data/poster/2404/512042.jpg?v=1716948906
제6회 예천내성천문예현상공모전,예천군,예천낭독연구회,24.05.01 ~ 24.07.31,문학·학술·공학,"일반인, 대학생, 고등학생",대상 300만원 外,0,https://www.all-con.co.kr/data/poster/2404/512052.png?v=1713485891
제4회 창비교육 성장소설상 공모전,(주)창비교육,(주)창비교육,24.04.17 ~ 24.08.30,문학·학술·공학,"일반인, 대학생","대상(1편), 상금 2,000만원",0,https://www.all-con.co.kr/data/poster/2404/512066.jpg?v=1713489389
제4회 ACC 아시아스토리 소재 공모전,국립아시아문화전당,국립아시아문화전당,24.04.19 ~ 24.06.16,아이디어·창업·네이밍,제한없음,15편 / 총 상금 1천 3백만원,0,https://www.all-con.co.kr/data/poster/2404/512080.png?v=1713863337
2024년 국토·교통 데이터활용 경진대회,국토교통부,"한국도로공사, 한국교통연구원, 한국철도공사, 한국교통안전공단, 한국공항공사, 주택도시보증공사, 국토교통과학기술진흥원",24.04.19 ~ 24.06.26,아이디어·창업·네이밍,제한없음,총 상금 2800만원,0,https://www.all-con.co.kr/data/poster/2404/512083.png?v=1713853725
2024년 제11회 해양수산 비즈니스･공공서비스 공모전,해양수산부,여수광양/울산/부산/인천 항만공사,24.04.19 ~ 24.06.21,아이디어·창업·네이밍,제한없음,"대상 해양수산부장관상 및 상금 5백만원 / 총 상금 1,600만원",0,https://www.all-con.co.kr/data/poster/2404/512085.jpg?v=1715562034
제13회 달성군 전국 사진공모전,"(재)달성문화재단, 달성군","(재)달성문화재단, 달성군",24.09.02 ~ 24.10.11,사진·영상,제한없음,일반사진부문/ 대상(1점) 300만원 外,0,https://www.all-con.co.kr/data/poster/2404/512086.jpg?v=1713513279
제14회 청송을그리다 소헌공원 사생대회,청송미술협회,사생대회운영위원회,24.04.19 ~ 24.06.14,디자인·그림·웹툰,"일반인, 대학생, 대학원생","대상 1명, 최우수 2명, 우수6명, 특선, 입선",0,https://www.all-con.co.kr/data/poster/2404/512087.jpg?v=1713513472
"미래세대가 그리는 고속도로 비전캔버스, 대학(원)생 논문 공모전",한국도로공사,한국도로공사,24.04.22 ~ 24.07.21,아이디어·창업·네이밍,"대학생, 대학원생","최우수상1(300만원, 사장상) 外",0,https://www.all-con.co.kr/data/poster/2404/512105.jpg?v=1713747003
제4회 경상북도 공공데이터 활용 창업경진대회,경상북도,(재)포항테크노파크 경북SW진흥본부,24.05.20 ~ 24.06.21,아이디어·창업·네이밍,제한없음,"총 상금  900만원, 최우수(1) 도지사상 및 상금 200만원 外",0,https://www.all-con.co.kr/data/poster/2404/512117.png?v=1716855057
다행희야 영화 공모전,강원특별자치도광역치매센터,"강원특별자치도광역치매센터, 춘천영화제",24.04.22 ~ 24.07.07,사진·영상,제한없음,"최우수[은초롱상] 1편 300만원, 우수[물망초상] 2편 각 100만원",0,https://www.all-con.co.kr/data/poster/2404/512147.png?v=1713767774
제1회 해운대 관광 숏폼 공모전 개최,해운대구,해운대구,24.06.10 ~ 24.06.21,사진·영상,제한없음,공고문 참고,0,https://www.all-con.co.kr/data/poster/2404/512163.jpg?v=1714355527
제8회 이순신 독후감 공모,사단법인 부산여해재단,사단법인 부산여해재단,24.04.01 ~ 24.08.31,문학·학술·공학,제한없음,시상금 총 510만원(청소년부 6명/일반부 6명/가작 9명),0,https://www.all-con.co.kr/data/poster/2404/512172.jpg?v=1713777163
2024 청주영상위원회 단편영화 시나리오 공모전,청주시,청주시문화산업진흥재단 청주영상위원회,24.06.24 ~ 24.07.07,문학·학술·공학,제한없음,대상(1) 청주시장상 및 시상금 200만원 外,0,https://www.all-con.co.kr/data/poster/2404/512181.jpg?v=1713831992
제9회 국립생태원 생태문학 공모전,국립생태원,국립생태원,24.05.01 ~ 24.07.31,문학·학술·공학,제한없음,"1등 200만원 총 1,000만 원 外",0,https://www.all-con.co.kr/data/poster/2404/512191.jpg?v=1713837063
25회 대한민국 반도체설계대전,산업통상자원부/한국반도체산업협회,산업통상자원부/한국반도체산업협회,24.03.29 ~ 24.08.02,문학·학술·공학,"대학생, 대학원생",상장 및 상금 수여,0,https://www.all-con.co.kr/data/poster/2404/512209.jpeg?v=1713852997
2024 보훈문화교육 수업안 경진대회,국가보훈부,국가보훈부,24.04.24 ~ 24.07.08,아이디어·창업·네이밍,기타 (초•중등 교사 및 예비교사),최대상금 5백만원 外,0,https://www.all-con.co.kr/data/poster/2404/512221.jpg?v=1713860439
2024 전북특별자치도 관광기념품 100선 상품 공모,전북특별자치도,전북특별자치도문화관광재단,24.06.10 ~ 24.06.11,아이디어·창업·네이밍,"일반인, 기타 (주민등록상 주소 또는 사업장 소재지가 전북특별자치도로 되어 있는 개인 또는 사업자)",100선 선정 인증서 및 생산장려금 각 200만원 수여 등 시상식 진행,0,https://www.all-con.co.kr/data/poster/2404/512227.jpg?v=1713861074
2024 차차통통 장애인정책 공모전,한국장애인단체총연합회,한국장애인단체총연합회,24.04.17 ~ 24.07.14,아이디어·창업·네이밍,제한없음,"최우수상 1명(팀) 1,000,000원 外",0,https://www.all-con.co.kr/data/poster/2404/512284.PNG?v=1713947586
2024 세계기록유산 숏폼 애니메이션 공모전,유네스코 국제기록유산센터,유네스코 국제기록유산센터,24.09.21 ~ 24.09.30,사진·영상,"대학생, 고등학생",대상(1) 700만원 外,0,https://www.all-con.co.kr/data/poster/2404/512294.png?v=1714005607
2024년 연구실 안전 콘텐츠 및 우수사례 공모전,과학기술정보통신부,국가연구안전관리본부,24.04.22 ~ 24.07.22,사진·영상,제한없음,"총 상금 4,220만원, 34점 시상",0,https://www.all-con.co.kr/data/poster/2404/512297.jpg?v=1714006698
제5회 아이코리아 전국 대학생 창작동화 공모전,사단법인 아이코리아,사단법인 아이코리아,24.05.02 ~ 24.06.28,문학·학술·공학,대학생,대상(1명): 200만원 外,0,https://www.all-con.co.kr/data/poster/2404/512326.jpg?v=1714034796
2024년 스포츠안전 논문 공모전,"재단법인 스포츠안전재단, 사단법인 한국체육학회",재단법인 스포츠안전재단,24.04.24 ~ 24.08.02,문학·학술·공학,"일반인, 대학원생",총 상금 900만원 外,0,https://www.all-con.co.kr/data/poster/2404/512407.jpg?v=1714365952
2024 MATLAB 대학생 AI 경진대회,매스웍스코리아,매스웍스코리아,24.04.25 ~ 24.06.20,아이디어·창업·네이밍,"대학생, 대학원생",1등: 200만원 (1팀) 外,0,https://www.all-con.co.kr/data/poster/2404/512412.png?v=1714436852
2024 대구 도시디자인 공모전 개최,대구광역시장,대구광역시장,24.07.02 ~ 24.07.07,디자인·그림·웹툰,제한없음,대상(1) 대구광역시장상 및 상금 500만원 外,0,https://www.all-con.co.kr/data/poster/2404/512438.png?v=1715159870
제12회 충남 공공데이터 활용 창업 경진대회,"충청남도, 대전지방기상청",충남창조경제혁신센터,24.04.05 ~ 24.06.14,아이디어·창업·네이밍,제한없음,"7팀 총 상금 1,500만원",0,https://www.all-con.co.kr/data/poster/2404/512443.jpg?v=1714435883
제18회 빛공해 공모전,"조명박물관,서울특별시","조명박물관,서울특별시",24.05.13 ~ 24.07.12,사진·영상,"일반인, 대학생, 대학원생, 초등학생, 중학생, 고등학생","상금과 부상 총 3,000만원 상당",0,https://www.all-con.co.kr/data/poster/2404/512458.jpg?v=1714440610
제19회 대학(원)생 지식재산 우수논문공모전,특허청,한국지식재산연구원,24.04.15 ~ 24.06.28,문학·학술·공학,"대학생, 대학원생",총 상금  700만원 및 입사 시 가산,0,https://www.all-con.co.kr/data/poster/2404/512462.jpg?v=1714446954
2024년 행복 남구 유튜브 영상공모전,광주광역시 남구,광주광역시 남구,24.07.22 ~ 24.08.02,사진·영상,제한없음,800만원,0,https://www.all-con.co.kr/data/poster/2404/512475.png?v=1714467279
제12회 산업통상자원부 공공데이터 활용 아이디어 공모전,산업통상자원부,한국산업단지공단,24.04.30 ~ 24.07.01,아이디어·창업·네이밍,제한없음,전체 21팀 총 1억원 상금,0,https://www.all-con.co.kr/data/poster/2404/512478.jpg?v=1716281246
제26회 전국학생통계활용대회,통계청,통계교육원,24.05.01 ~ 24.06.14,아이디어·창업·네이밍,"초등학생, 중학생, 고등학생",총 117개팀 시상 : 대상(교육부장관상) 外,0,https://www.all-con.co.kr/data/poster/2404/512483.jpg?v=1714460082
우지커피 영상 공모전,우지커피,우지커피,24.05.01 ~ 24.06.23,사진·영상,제한없음,총상금 1900만원 규모,0,https://www.all-con.co.kr/data/poster/2404/512493.jpg?v=1715054853
2024 안산 드론 공모전,안산시청,안산시청,24.06.24 ~ 24.06.30,사진·영상,제한없음,450만원,0,https://www.all-con.co.kr/data/poster/2405/512522.jpg?v=1714609732
2024년 스마일센터 일러스트 공모전,스마일센터 총괄지원단,스마일센터 총괄지원단,24.04.30 ~ 24.06.21,디자인·그림·웹툰,제한없음,대상 1명 50만원 外,0,https://www.all-con.co.kr/data/poster/2405/512533.jpg?v=1714624844
특별한 이야기 공모전 2024 울주 이바구,울주문화재단,울주문화재단,24.04.12 ~ 24.06.30,문학·학술·공학,제한없음,"대상 200만원, 최우수상 100만원 外",0,https://www.all-con.co.kr/data/poster/2405/512542.jpg?v=1714625879
2024 다양한 가족의 재발견 영상 공모전,"한반도미래인구연구원, 파이낸셜뉴스",한반도미래인구연구원,24.05.02 ~ 24.06.16,사진·영상,제한없음,"전체 10명, 총 550만원: 대 상 1명 200만원 外",0,https://www.all-con.co.kr/data/poster/2405/512549.jpg?v=1714627260
제1회 여수·순천 10·19 평화문학상 현상 공모,재단법인 전라남도문화재단,재단법인 전라남도문화재단,24.05.07 ~ 24.08.13,문학·학술·공학,제한없음,"부문 별 시상: 소설 부문 최우수(1명) 상금 2,000만원",0,https://www.all-con.co.kr/data/poster/2405/512560.png?v=1716769723
제3회 한글활용 디자인공모전,경상북도,한국국학진흥원,24.06.24 ~ 24.06.28,아이디어·창업·네이밍,"일반인, 대학생, 대학원생","27,000,000",0,https://www.all-con.co.kr/data/poster/2405/512562.jpg?v=1714634928
제2회 정읍 웹툰 공모전,정읍시청,정읍시청,24.04.22 ~ 24.06.28,디자인·그림·웹툰,제한없음,"대상(1명) 500만원, 최우수상(1명) 200만원 外",0,https://www.all-con.co.kr/data/poster/2405/512567.jpg?v=1714635562
2024년 무역안보의 날 공모전,산업통상자원부,전략물자관리원,24.05.01 ~ 24.07.05,아이디어·창업·네이밍,제한없음,부문별 최우수상 1명(팀) 外,0,https://www.all-con.co.kr/data/poster/2405/512573.jpg?v=1716280850
제1회 여성행복누리 아우름 육아 사연 공모전,(사)여성행복누리,(사)여성행복누리,24.05.01 ~ 24.06.28,문학·학술·공학,"일반인, 주부 및 영유아, 기타 (육아경험이 있는 양육자 / 복지시설 근무자)",상금+상품(총상금 : 450만원 / 1위 : 200만원 外),0,https://www.all-con.co.kr/data/poster/2405/512574.jpg?v=1714640015
제32회 문명 그 화려한 역설 69개의 표지비밀 풀기 프로젝트 공모,도서출판 글여울,도서출판 글여울,24.05.01 ~ 24.06.30,문학·학술·공학,제한없음,5000만원,0,https://www.all-con.co.kr/data/poster/2405/512587.jpg?v=1714695352
제7회 청도 새마을UCC 공모전,청도군,청도우리정신문화재단,24.04.29 ~ 24.10.11,사진·영상,제한없음,"대상 : 3,000,000 (1팀) 外",0,https://www.all-con.co.kr/data/poster/2405/512610.png?v=1714714105
2024 스포츠산업 창업(SPORTS-UP CHALLENGE) 아이디어 공모전,문화체육관광부,국민체육진흥공단,24.05.01 ~ 24.06.11,아이디어·창업·네이밍,"일반인, 대학원생, 기타","총 상금 1,400만원 : 최우수상 1팀 500만원, 우수상 2팀 각 300만원 外",0,https://www.all-con.co.kr/data/poster/2405/512616.png?v=1717137375
김삿갓 시 속의 정취를 나누다 포스터 일러스트 공모전,영월문화관광재단,영월문화관광재단,24.04.12 ~ 24.07.12,디자인·그림·웹툰,제한없음,1등 (1명) 110만원 外,0,https://www.all-con.co.kr/data/poster/2405/512617.png?v=1714719824
2024 현대모비스 임팩트 아이디어 챌린지,현대모비스,현대모비스,24.04.29 ~ 24.06.26,아이디어·창업·네이밍,"일반인, 대학생, 대학원생","대상 500만원, 우수상 300만원, 인기상 100만원",0,https://www.all-con.co.kr/data/poster/2405/512641.JPG?v=1714728195
제 11회 2024 대한민국청소년기자대상,서울특별시,시립청소년미디어센터,24.01.01 ~ 24.09.27,사진·영상,"중학생, 고등학생","서울특별시장상, 여성가족부장관상 및 방송국이사장상 外",0,https://www.all-con.co.kr/data/poster/2405/512647.png?v=1715040518
2024 스토리 공모전,"문화체육관광부, 울산광역시","한국콘텐츠진흥원, 울산정보산업진흥원, 울산콘텐츠코리아랩",24.08.16 ~ 24.08.30,아이디어·창업·네이밍,기타 (울산 지역민 대상(만 14세 이상)),"상금 총 1,100만원",0,https://www.all-con.co.kr/data/poster/2405/512666.jpg?v=1715054747
2024 울산 웹툰 공모전,"문화체육관광부, 울산광역시","한국콘텐츠진흥원, 울산정보산업진흥원, 울산콘텐츠코리아랩",24.08.16 ~ 24.08.30,디자인·그림·웹툰,기타 (울산 지역민 대상(만 14세 이상) / 개인 또는 팀(2인 이내) ※ 웹툰작가 지원불가),"상금 총 1,000만원",0,https://www.all-con.co.kr/data/poster/2405/512668.jpg?v=1715055048
제6회 서울교육 데이터 분석 · 활용 아이디어 공모전,서울특별시교육청,서울특별시교육청,24.05.07 ~ 24.06.30,아이디어·창업·네이밍,"일반인, 대학생, 대학원생, 초등학생, 중학생, 고등학생",총 상금 700만원,0,https://www.all-con.co.kr/data/poster/2405/512675.jpg?v=1715056210
2024 영천시 숏폼 콘텐츠 공모전 공고,영천시청,영천시청,24.05.07 ~ 24.07.31,사진·영상,제한없음,"영천시장상 및 시상금 수여(총 15명, 700만원)",0,https://www.all-con.co.kr/data/poster/2405/512691.png?v=1715068308
2024년 독거노인 인식개선 콘텐츠 공모전 안내,부산시독거노인종합지원센터,-,24.06.03 ~ 24.07.31,사진·영상,"일반인, 대학생, 대학원생, 초등학생, 중학생, 고등학생, 기타 (노인)","3,550,000원 상당",0,https://www.all-con.co.kr/data/poster/2405/512714.jpg?v=1715126757
2024 김삿갓문화제 전국민화공모전,영월군,조선민화박물관,24.07.25 ~ 24.08.14,디자인·그림·웹툰,일반인,"상금 총액 9,000만원",0,https://www.all-con.co.kr/data/poster/2405/512725.png?v=1715134751
2024 전국초등학생민화공모전,영월군,조선민화박물관,24.07.05 ~ 24.07.22,디자인·그림·웹툰,초등학생,상장 및상품,0,https://www.all-con.co.kr/data/poster/2405/512731.jpg?v=1715135508
2024년 캠퍼스온에어 숨쉬는 지구,"시청자미디어재단, KBS",서울시청자미디어센터,24.05.07 ~ 24.06.28,사진·영상,대학생,상금(총상금 : 590만원 / 1위 : 250만원),0,https://www.all-con.co.kr/data/poster/2405/512734.jpg?v=1715135656
제10회 교보손글씨대회,"교보문고, 대산문화재단, 교보생명",손글쓰기문화확산위원회,24.05.02 ~ 24.07.10,디자인·그림·웹툰,제한없음,으뜸상 (10명) 교보문고 상품권 100만원 + 부상 外,0,https://www.all-con.co.kr/data/poster/2405/512738.jpg?v=1715144778
인천과학문화거점센터 쉽게 접할 수 있는 과학문화 숏폼 영상 콘테스트,인천광역시,인천과학문화거점센터,24.05.07 ~ 24.07.31,사진·영상,제한없음,"1등: 인천 과학문화거점센터 홍보 영상 대상, 150만 원 外",0,https://www.all-con.co.kr/data/poster/2405/512743.png?v=1715148859
2024년 통계데이터 활용대회,통계청,(재)한국통계진흥원,24.05.08 ~ 24.06.21,아이디어·창업·네이밍,제한없음,"대상 500만원 1팀, 최우수 300만원 2팀 外",0,https://www.all-con.co.kr/data/poster/2405/512745.jpg?v=1715149033
목재 인테리어 공모전 나무와 우리의 공간,한국임업진흥원,한국임업진흥원,24.04.29 ~ 24.06.28,사진·영상,제한없음,"대상(1명), 상업공간 부문(3명), 주거공간 부문(3명) 外",0,https://www.all-con.co.kr/data/poster/2405/512748.jpg?v=1715149247
2024년 평택시의회 입법정책 아이디어 공모전,평택시의회,평택시의회,24.05.13 ~ 24.07.12,아이디어·창업·네이밍,제한없음,최우수상(1명) 상금 100만원 外,0,https://www.all-con.co.kr/data/poster/2405/512753.jpg?v=1715149726
제 23회 서울디자인페스티벌 영 디자이너 프로모션 모집,디자인하우스,월간<디자인> 매거진,24.04.01 ~ 24.07.15,디자인·그림·웹툰,"일반인, 대학생, 대학원생","월간 디자인 기획 기사 지원, ’부아부셰 2025‘ 참가 숙박비 제공 外",0,https://www.all-con.co.kr/data/poster/2405/512759.jpg?v=1715152328
"제6회 전국글쓰기대회 2024 달성, 시로 물들이다(디카시 공모전)",달성군립도서관,달성군립도서관,24.06.01 ~ 24.08.31,사진·영상,제한없음,총상금 700만원(대상 100만원),0,https://www.all-con.co.kr/data/poster/2405/512765.jpg?v=1716455486
2024 경남청년유튜브어워즈(Gyeongnam Youth Youtube Awards),경상남도청,경상남도청,24.05.08 ~ 24.06.23,사진·영상,"일반인, 대학생",일반영상 7편 및 쇼츠영상 8편 / 총 상금 2천만 원 및 도지사 표창,0,https://www.all-con.co.kr/data/poster/2405/512772.jpg?v=1715157495
2024년 일본군‘위안부’ 피해자 관련 청소년 작품공모전,여성가족부,여성가족부,24.05.08 ~ 24.06.28,아이디어·창업·네이밍,"대학생, 초등학생, 중학생, 고등학생","1등 200만원 총 1,500만원 外",0,https://www.all-con.co.kr/data/poster/2405/512789.png?v=1715215149
제3회 아이코리아 유아교사 창작동화 공모전,사단법인 아이코리아,사단법인 아이코리아,24.05.01 ~ 24.06.28,문학·학술·공학,기타 (유치원 및 어린이집 교사),상금,0,https://www.all-con.co.kr/data/poster/2405/512791.jpg?v=1715215311
제9회 전라남도 친환경디자인 공모전,전라남도,전라남도,24.07.01 ~ 24.07.31,디자인·그림·웹툰,제한없음,대상(1) : 상금 300만원 外,0,https://www.all-con.co.kr/data/poster/2405/512792.jpg?v=1715215588
2024 부산광역시 공공·빅데이터 활용 창업경진대회,부산광역시,부산테크노파크,24.04.19 ~ 24.06.30,아이디어·창업·네이밍,제한없음,아이디어 기획 부문: 최우수(1) : 250만원 外,0,https://www.all-con.co.kr/data/poster/2405/512794.jpg?v=1715215845
제 11회 기업가정신 콘텐츠 공모전,중소벤처기업부,한국청년기업가정신재단,24.05.08 ~ 24.08.28,아이디어·창업·네이밍,제한없음,시상금,0,https://www.all-con.co.kr/data/poster/2405/512812.jpg?v=1715840549
제45회 근로자미술제,근로복지공단,KBS미디어,24.05.01 ~ 24.06.30,사진·영상,"일반인, 기타",대상(국무총리상) 1명 등,0,https://www.all-con.co.kr/data/poster/2405/512813.JPG?v=1715232096
2024 전국 대학생 UAM올림피아드,"국토교통부, 한국교통안전공단","한국교통안전공단, 한국국토정보공사, 한국공항공사, 한국교통연구원, 한국전파진흥협회, 한국법제연구원",24.04.29 ~ 24.06.30,아이디어·창업·네이밍,"대학생, 대학원생",부문별 상세요강 참조,0,https://www.all-con.co.kr/data/poster/2405/512814.jpg?v=1715232582
제45회 근로자문학제,근로복지공단,KBS미디어,24.05.01 ~ 24.06.30,문학·학술·공학,"일반인, 기타",대상(고용노동부장관상)  1명 상금 400만원,0,https://www.all-con.co.kr/data/poster/2405/512815.JPG?v=1715236339
어린이 우주인 선발대회,"동아사이언스, 고흥","동아사이언스, 고흥",24.04.01 ~ 24.07.31,문학·학술·공학,초등학생,최종 어린이 우주인 NASA 해외우주센터 탐방,0,https://www.all-con.co.kr/data/poster/2405/512829.jpg?v=1715300212
2024 산업안전 웹툰 공모전 세상을 바꾸는 웹툰 공모전,"안전보건공단, CJ ENM",안전보건공단,24.05.13 ~ 24.06.20,디자인·그림·웹툰,제한없음,"총 2,600만원 상금 (총 6개 작품 수상)",0,https://www.all-con.co.kr/data/poster/2405/512841.png?v=1715299414
서울디자인어워드 2024,(재)서울디자인재단,(재)서울디자인재단,24.04.01 ~ 24.06.28,디자인·그림·웹툰,제한없음,총 27선 (하단 상세 내용 참조),0,https://www.all-con.co.kr/data/poster/2405/512845.jpg?v=1716183390
2024 물류분야 논문경진대회,한국물류과학기술학회,한국물류과학기술학회,24.07.01 ~ 24.07.31,문학·학술·공학,"일반인, 대학생, 대학원생","대상(1편) 상금 300만원, 특전 제공 外",0,https://www.all-con.co.kr/data/poster/2405/512850.png?v=1715301348
2024 GH 공간복지 청년 공모전,경기주택도시공사,경기주택도시공사,24.06.03 ~ 24.06.28,아이디어·창업·네이밍,대학생,"1등 1,000만원 총 3,500만원 外",0,https://www.all-con.co.kr/data/poster/2405/512859.jpg?v=1715314539
2024년 개관 10주년 기념 캐릭터 디자인 공모전,울산광역시동구장애인복지관,울산광역시동구장애인복지관,24.05.20 ~ 24.07.19,디자인·그림·웹툰,제한없음,금상 1명(팀): 상장 및 50만원 상품권 外,0,https://www.all-con.co.kr/data/poster/2405/512870.jpg?v=1715316608
제7회 팩트체킹 공모전,(사)방송기자연합회,(사)방송기자연합회,24.04.24 ~ 24.09.22,사진·영상,"일반인, 중학생, 고등학생",1등 300만원 총 500만원 外,0,https://www.all-con.co.kr/data/poster/2405/512885.jpg?v=1715324655
2024년 AI·ICT 장애인 보조공학기기 공모전,고용노동부,한국장애인고용공단 보조공학센터,24.05.07 ~ 24.07.01,문학·학술·공학,제한없음,"최우수상, 우수상, 장려상",0,https://www.all-con.co.kr/data/poster/2405/512893.jpg?v=1715330023
2024년 서울교통공사 개통 50주년 유튜브 영상 공모전,서울교통공사,서울교통공사,24.06.03 ~ 24.07.07,아이디어·창업·네이밍,"일반인, 대학생, 대학원생, 고등학생",상금,0,https://www.all-con.co.kr/data/poster/2405/512894.png?v=1715330510
국민통합위원회 두근두근 동행 챌린지 이벤트,국민통합위원회,국민통합위원회,24.05.13 ~ 24.06.16,사진·영상,제한없음,경품 3종 추첨,0,https://www.all-con.co.kr/data/poster/2405/512912.jpg?v=1716369168
2024 경기북부 안전문화 캐치프레이즈 공모전,한국산업안전보건공단 경기북부지사,한국산업안전보건공단 경기북부지사,24.05.13 ~ 24.06.14,아이디어·창업·네이밍,"기타 (경기북부 소재지역 근로자, 학생, 시민)",고용노동부 의정부지청장상/1명/아이패드 프로 6세대 外,0,https://www.all-con.co.kr/data/poster/2405/512914.jpg?v=1715580202
국립대구과학관 2024 과학영상콘텐츠 공모전,국립대구과학관,국립대구과학관,24.05.13 ~ 24.06.30,사진·영상,"대학생, 초등학생, 중학생, 고등학생",총상금 550만원,0,https://www.all-con.co.kr/data/poster/2405/512932.jpg?v=1715661648
2024년 농업 공공기술 혁신 아이디어 경진대회,한국농업기술진흥원,한국농업기술진흥원,24.05.10 ~ 24.06.14,아이디어·창업·네이밍,제한없음,"총 상금 1,050만원, 농촌진흥청장상 1점 / 한국농업기술진흥원장상 9점",0,https://www.all-con.co.kr/data/poster/2405/512933.jpg?v=1716170074
제3회 대학생 유네스코 인류무형문화유산 홍보 아이디어 경진대회,한국문화재재단,한국문화재재단,24.04.24 ~ 24.06.17,아이디어·창업·네이밍,"대학생, 대학원생",최우수상(1팀): 한국문화재재단 이사장상 및 상금 200만원 外,0,https://www.all-con.co.kr/data/poster/2405/512955.png?v=1716769703
제54회 대한민국공예품대전 서울예선대회,서울시,서울시,24.06.10 ~ 24.06.18,디자인·그림·웹툰,"일반인, 대학생, 대학원생",대한민국공예품대전 본선진출 및 상장,0,https://www.all-con.co.kr/data/poster/2405/512956.jpg?v=1715590280
2024 천안문화도시 아카이빙 일반영상 공모전 (출발! 비디오 팡팡 영상 공모전),천안문화도시,천안문화도시,24.06.03 ~ 24.06.28,사진·영상,대학생,대상(1명) : 진흥원장상 및 상금 300만원 外,0,https://www.all-con.co.kr/data/poster/2405/512967.png?v=1715646991
제 11회 부산여성영화제 상영작 공모전,사)부산여성사회교육원,사)부산여성사회교육원,24.05.15 ~ 24.06.30,사진·영상,제한없음,"대상(1) 3,000,000원 外",0,https://www.all-con.co.kr/data/poster/2405/512970.png?v=1715647616
2024년 경상북도 탄소중립 실천 숏폼 영상 공모전,경상북도 탄소중립지원센터,경상북도 탄소중립지원센터,24.05.20 ~ 24.06.21,사진·영상,"일반인, 기타 (경상북도민)","대상(경상북도지사상), 상금100만원(1팀) 外",0,https://www.all-con.co.kr/data/poster/2405/512971.jpg?v=1715647774
제11회 물류 논문공모전,(재)물류산업진흥재단,(재)물류산업진흥재단,24.04.22 ~ 24.07.31,문학·학술·공학,"일반인, 대학생, 대학원생, 기타 (석사 학위 이하 가능 )","최우수상(국토부장관상) 1명, 우수상(재단 이사장상) 1명 外",0,https://www.all-con.co.kr/data/poster/2405/512972.png?v=1715652167
제11회 국가승인통계 활용 디지털콘텐츠 공모전,통계청,통계청,24.05.13 ~ 24.07.14,사진·영상,제한없음,최우수상(1작품) 통계청장상 및 120만원권 상품권 外,0,https://www.all-con.co.kr/data/poster/2405/512975.png?v=1715652315
제5회 디지털 신기술 아이디어 경진대회,정보통신산업진흥원,"부산정보산업진흥원, 울산정보산업진흥원, 경남테크노파크, 한국정보통신진흥협회",24.05.08 ~ 24.06.11,아이디어·창업·네이밍,제한없음,"상장 수여 및 취업 특전, 지원금 제공",0,https://www.all-con.co.kr/data/poster/2405/512984.jpg?v=1716886302
제6회 예천국제스마트폰영화제 작품 공모전,예천군,예천국제스마트폰영화제조직위원회,24.06.10 ~ 24.07.31,사진·영상,제한없음,종합 대상 1명 1천5백만원 外,0,https://www.all-con.co.kr/data/poster/2405/512989.PNG?v=1715661427
2024년 제37회 HSAD Young Creator's Competition,HSAD,HSAD,24.07.01 ~ 24.07.12,아이디어·창업·네이밍,대학생,"상금: 1,600만원(대상 1,000만원) / 실행비 1,200만원",0,https://www.all-con.co.kr/data/poster/2405/512995.jpg?v=1715666190
나도 감독이다! 당신의 영상을 '방송' 해드립니다,한국정책방송원,한국정책방송원,24.05.14 ~ 24.12.30,사진·영상,제한없음,한국정책방송원장상,0,https://www.all-con.co.kr/data/poster/2405/512996.png?v=1715666353
제13회 글나라 백일장 대회 생각이 머무는 1박 2일,(사)한국독서문화재단,(사)한국독서문화재단,24.06.21 ~ 24.06.22,문학·학술·공학,제한없음,문화상품권,0,https://www.all-con.co.kr/data/poster/2405/513001.jpg?v=1715666885
2024년 제주시 정책 아이디어 공모전,제주시,-,24.05.13 ~ 24.09.13,아이디어·창업·네이밍,제한없음,"최우수(1팀, 70만원), 우수(2팀, 50만원), 장려(5팀, 20만원)",0,https://www.all-con.co.kr/data/poster/2405/513021.jpg?v=1715673278
2024 국방기술을 활용한 창업경진대회,방위사업청,국방과학연구소,24.05.10 ~ 24.06.26,아이디어·창업·네이밍,"일반인, 대학생, 대학원생, 고등학생","창업 엑셀러레이팅 지원, 범부처 통합 본선 창업경진대회 출전 기회 제공 外",0,https://www.all-con.co.kr/data/poster/2405/513039.png?v=1715818421
2024년 하반기 광진경제허브센터 신규 입주기업 모집 통합 공고,엔슬파트너스/광진구,엔슬파트너스/광진구,24.05.16 ~ 24.06.16,아이디어·창업·네이밍,제한없음,독립형 또는 개방형 입주공간 및 혜택 제공,0,https://www.all-con.co.kr/data/poster/2405/513048.png?v=1715819153
제2회 메카이브 창직 메이커톤,한국잡월드,한국잡월드,24.05.16 ~ 24.07.05,아이디어·창업·네이밍,기타 (만19세 이상 성인 누구나 (2006년1월일 이후 출생자)),"총 상금 500만원, 고용노동부장관상 및 한국잡월드 이사장상",0,https://www.all-con.co.kr/data/poster/2405/513051.jpg?v=1715848803
대국민 디지털 혁신 아이디어 공모전,한국철도공사,한국철도공사,24.05.07 ~ 24.06.28,아이디어·창업·네이밍,제한없음,"1등 300만원 총 1,000만원 이외 포스터 이미지 및 공식 홈페이지 참고",0,https://www.all-con.co.kr/data/poster/2405/513054.jpg?v=1715825283
2024년 업사이클 창업경진대회 모집 공고,광명업사이클아트센터,링크드코리아,24.05.07 ~ 24.07.15,아이디어·창업·네이밍,제한없음,총 상금 3900만원,0,https://www.all-con.co.kr/data/poster/2405/513058.png?v=1715825562
제10회 밀알복지재단 스토리텔링 공모전 일상 속의 장애인,"밀알복지재단, 한국장애인고용공단",밀알복지재단,24.06.03 ~ 24.07.14,문학·학술·공학,제한없음,대상 각 200만 원(2명) 外,0,https://www.all-con.co.kr/data/poster/2405/513060.jpg?v=1715832832
코리아 주니어 워터프라이즈(KJWP) 2024 참가팀 모집,환경부/한국물포럼,없음,24.05.10 ~ 24.07.28,아이디어·창업·네이밍,고등학생,국무총리상(1) 환경부장관상(1) 교육부장관상(1) 기관장상(4),0,https://www.all-con.co.kr/data/poster/2405/513063.jpg?v=1715833301
제 19회 자생 동·식물 세밀화 공모전,국립생물자원관,국립생물자원관,24.05.13 ~ 24.08.30,디자인·그림·웹툰,제한없음,시상금,0,https://www.all-con.co.kr/data/poster/2405/513075.jpg?v=1715845159
2024 꿈틔움 드로잉 공모전 스케치의 모든 것,사단법인 꿈틔움,사단법인 꿈틔움,24.06.03 ~ 24.07.31,디자인·그림·웹툰,제한없음,300만원,0,https://www.all-con.co.kr/data/poster/2405/513085.png?v=1715846211
2024 아시아태평양 청년 MICE 아이디어 공모전,대전광역시,"대전관광공사, 국제컨벤션협회(ICCA), 한국MICE협회",24.05.10 ~ 24.07.10,아이디어·창업·네이밍,"일반인, 대학생, 대학원생",대전광역시장상 및 트로피 外,0,https://www.all-con.co.kr/data/poster/2405/513091.jpg?v=1715846778
2024 문화 디지털혁신 및 문화데이터 공모전,문화체육관광부,한국문화정보원,24.05.08 ~ 24.07.15,아이디어·창업·네이밍,제한없음,"총 상금 6,800만원",0,https://www.all-con.co.kr/data/poster/2405/513092.png?v=1715846999
2024 디베이트 마스터즈 전국 대학원생 토론 대회,한국고등교육재단,한국고등교육재단,24.05.13 ~ 24.06.21,문학·학술·공학,대학원생,1등 상금 500만원 外,0,https://www.all-con.co.kr/data/poster/2405/513094.png?v=1716268089
2024 모의 ICT 분쟁조정 경연대회,과학기술정보통신부,"한국인터넷진흥원, 전자문서·전자거래분쟁조정위원회, 인터넷주소분쟁조정위원회, 정보보보산업분쟁조정위원회, 온라인광고분쟁조정위원회",24.05.02 ~ 24.06.16,문학·학술·공학,"대학생, 대학원생","대상(과학기술정보통신부장관), 최우수상(특허청장) 外",0,https://www.all-con.co.kr/data/poster/2405/513101.jpg?v=1715904218
제9회(2024) 4차 산업혁명 영재 장학생 공모,"한국언론인협회, 국회 4차산업혁명포럼","POWER KOREA 운영본부, 한국지속경영평가원",24.05.17 ~ 24.06.28,문학·학술·공학,"초등학생, 중학생, 고등학생",고등학생(2명) / 100만원  중학생(2명) 外,0,https://www.all-con.co.kr/data/poster/2405/513107.jpg?v=1715906658
2024년 성불평등 개선을 위한 영상콘텐츠 공모전,제주특별자치도,제주영상·문화산업진흥원,24.07.01 ~ 24.07.19,사진·영상,"일반인, 대학생, 중학생, 고등학생, 기타",대상(1) 제주특별자치도지사상 및 상금 200만원,0,https://www.all-con.co.kr/data/poster/2405/513111.jpg?v=1715906861
2024 저작권 공모전(제20회 전국 청소년 저작권 글짓기 대회),문화체육관광부,한국저작권위원회,24.05.21 ~ 24.07.08,문학·학술·공학,"초등학생, 중학생, 고등학생",총 상금 890만원,0,https://www.all-con.co.kr/data/poster/2405/513120.png?v=1715935346
제5회 증평군 아동정책 발표 한마당 참가신청 모집,증평군,(주)해본사람들,24.05.17 ~ 24.06.13,아이디어·창업·네이밍,"초등학생, 중학생, 고등학생",본선 진출 5개팀 문화상품권 총 200만원 팀별 차등 지급,0,https://www.all-con.co.kr/data/poster/2405/513121.png?v=1715915086
한국엔지니어링산업연구원 BI 공모전,한국엔지니어링산업연구원,한국엔지니어링산업연구원,24.05.13 ~ 24.06.23,디자인·그림·웹툰,제한없음,1등 200만원 x 1명 / 2등 50만원 x 2명,0,https://www.all-con.co.kr/data/poster/2405/513125.png?v=1715919005
제33회 눈높이 교육상,대교문화재단,대교문화재단,24.04.22 ~ 24.06.30,아이디어·창업·네이밍,일반인,"상금 / 시상금(1등) 1,500만원",0,https://www.all-con.co.kr/data/poster/2405/513128.jpg?v=1715921937
제5회 계룡장학재단 아이디어 공모전,계룡장학재단,계룡장학재단,24.05.10 ~ 24.07.07,아이디어·창업·네이밍,"대학생, 대학원생","1,850만원",0,https://www.all-con.co.kr/data/poster/2405/513133.jpg?v=1715927477
2024 구조물 내진설계 경진대회,"부산대학교, (재)국토교통연구인프라운영원",지진방재연구센터,24.05.13 ~ 24.06.28,문학·학술·공학,대학생,"행정안전부장관상, 국토교통부장관상(대만 국제 내진설계 경진대회",0,https://www.all-con.co.kr/data/poster/2405/513135.png?v=1715927665
제7회 학교폭력예방 스마트폰 영상제 수호천사 프로젝트 ”우리가 널 지킬게“,부산광역시교육청,부산일보사 / (사)청년문화진흥협회),24.05.20 ~ 24.07.19,사진·영상,제한없음,학생 부문 대상(2명) 100만원 外,0,https://www.all-con.co.kr/data/poster/2405/513161.jpg?v=1716163674
2024 KDB 스타트업 프로그램 참가팀 모집(~7/4),"KDB산업은행, KDB나눔재단",한국청년기업가정신재단,24.05.13 ~ 24.07.04,아이디어·창업·네이밍,제한없음,"대상 1억원(1팀), 최우수상 5천만원(1팀), 우수상 각1천만원(5팀)",0,https://www.all-con.co.kr/data/poster/2405/513174.jpg?v=1716166141
2024년 경상북도 탄소중립 실천 숏폼 영상 공모전,경상북도 탄소중립지원센터,경상북도 탄소중립지원센터,24.05.20 ~ 24.06.21,사진·영상,기타 (경상북도 도민 ),총 상금 200만원,0,https://www.all-con.co.kr/data/poster/2405/513177.jpg?v=1716178432
제4회 원자력 혁신 창업경진대회,"한국원자력협력재단, 블루포인트파트너스","한국원자력협력재단, 블루포인트파트너스",24.04.30 ~ 24.06.12,아이디어·창업·네이밍,"일반인, 대학생, 대학원생","과학기술정보통신부 장관상(2팀, 각 1,000만원) 外",0,https://www.all-con.co.kr/data/poster/2405/513180.jpg?v=1716178670
2024 KoMap AI 경진대회,"산업통상자원부, 한국산업기술진흥원","한국전자통신연구원, 다이텍연구원",24.05.13 ~ 24.06.14,문학·학술·공학,제한없음,"대상: 1팀 400만원, 최우수상: 2팀 200만원, 우수상: 3팀 100만원",0,https://www.all-con.co.kr/data/poster/2405/513192.png?v=1716948962
2024 제품화지원프로젝트 1기 모집,서울시,서울시기계금속제조지원센터,24.05.17 ~ 24.06.20,아이디어·창업·네이밍,"일반인, 대학생, 대학원생",없음,0,https://www.all-con.co.kr/data/poster/2405/513197.png?v=1716180452
제2회 한국음악저작권협회 논문공모전,한국음악저작권협회,한국음악저작권협회,24.05.20 ~ 24.08.20,문학·학술·공학,"일반인, 대학생, 대학원생","대상 주제별 1편(총 2편) 상금 1,000만 원  外",0,https://www.all-con.co.kr/data/poster/2405/513205.png?v=1716186141
제3회 센터필드 미디어월 영상 콘텐츠 공모전,이지스자산운용,이지스자산운용,24.05.20 ~ 24.06.23,사진·영상,제한없음,"총 3,000만원",0,https://www.all-con.co.kr/data/poster/2405/513208.jpg?v=1716185830
2024 전국 초중고 iM환경일기 대회,DGB금융그룹,-,24.05.20 ~ 24.08.27,문학·학술·공학,"초등학생, 중학생, 고등학생",총 상금 960만원,0,https://www.all-con.co.kr/data/poster/2405/513212.jpg?v=1716955393
NSI 2024 청년 국가재정 마스터,NSI,NSI,24.05.20 ~ 24.06.19,아이디어·창업·네이밍,"일반인, 대학생, 대학원생",총 1600만원,0,https://www.all-con.co.kr/data/poster/2405/513214.jpg?v=1716958971
전남 섬‧해양 관광 활성화 청춘어람 육성사업 4기 참가자 모집,전라남도,재단법인  전라남도관광재단,24.05.20 ~ 24.06.17,아이디어·창업·네이밍,"일반인, 대학생, 대학원생",섬‧해양 관광상품 개발 활동비(1인 500만원) 및 교육비 外,0,https://www.all-con.co.kr/data/poster/2405/513215.png?v=1716955578
제1회 B급 중독예방사생대회,성남시중독관리통합지원센터,성남시중독관리통합지원센터,24.06.01 ~ 24.07.14,디자인·그림·웹툰,"기타 (- 성남시의 시민, 직장인, 학생(만14세 이상))",대상(1작품) : 시상금 100만원 外,0,https://www.all-con.co.kr/data/poster/2405/513234.jpg?v=1716251189
성북구청 ‘2024 성북 참약속 에세이 공모전‘,성북구청,성북구청,24.05.20 ~ 24.06.14,문학·학술·공학,제한없음,"선정작 30편(수상작 6편, 입선작 24편)",0,https://www.all-con.co.kr/data/poster/2405/513235.jpeg?v=1716251235
2024 마포 사진 공모전 별별마포,(재)마포문화재단,(재)마포문화재단,24.05.20 ~ 24.06.30,사진·영상,제한없음,마포상 (1명) : 디지털 폴라로이드 카메라 外,0,https://www.all-con.co.kr/data/poster/2405/513241.png?v=1716258110
2024 해양생물 콘텐츠 공모전,해양수산부 / 국립해양생물자원관,국립해양생물자원관,24.05.21 ~ 24.08.13,디자인·그림·웹툰,제한없음,총 상금 970만원 / 총 수상 인원 50명,0,https://www.all-con.co.kr/data/poster/2405/513244.png?v=1716768810
20224 국제 저작권 보호 공모전,한국저작권보호원,원트리뮤직,24.05.20 ~ 24.06.16,아이디어·창업·네이밍,제한없음,대상 : 한국 1팀 500만 원 / 베트남 1팀 5천 만동  外,0,https://www.all-con.co.kr/data/poster/2405/513246.png?v=1716259160
제19회 한국농촌건축대전,농림축산식품부,한국농어촌공사,24.05.07 ~ 24.07.05,아이디어·창업·네이밍,"일반인, 대학생, 대학원생","대상(1) 500만원, 최우수상(3) 200만원, 우수상(4) 100만원 外",0,https://www.all-con.co.kr/data/poster/2405/513256.jpg?v=1716265258
2025 경남관광박람회 전국축제사진전,경남관광박람회 사무국,경남관광박람회 사무국,24.05.16 ~ 25.01.03,사진·영상,제한없음,"총 작품 수 22점, 총 상금 200만원",0,https://www.all-con.co.kr/data/poster/2405/513258.jpg?v=1716267648
제22회 한국농촌계획대전,농림축산식품부,한국농어촌공사,24.05.07 ~ 24.07.05,아이디어·창업·네이밍,제한없음,"대상(1) 500만원, 최우수상(3) 200만원, 우수상(4) 100만원, 입선(30) 10만원",0,https://www.all-con.co.kr/data/poster/2405/513264.jpg?v=1716341239
세이브더칠드런 아동권리영화제 단편영화 작품공모,세이브더칠드런,세이브더칠드런,24.05.20 ~ 24.08.19,사진·영상,제한없음,대상(1명) 300만 원+공동체 상영료 50만원 外,0,https://www.all-con.co.kr/data/poster/2405/513266.png?v=1716280551
2024 세명대학교 신발디자인 공모전 개최,세명대학교,세명대학교,24.05.21 ~ 24.07.12,디자인·그림·웹툰,"대학생, 중학생, 고등학생","대상(1명) 1,500,000 KRW 外",0,https://www.all-con.co.kr/data/poster/2405/513272.png?v=1716266441
2024 대전광역시 공공데이터 활용 경진대회,대전광역시 등,대전정보문화산업진흥원,24.05.16 ~ 24.06.15,아이디어·창업·네이밍,제한없음,"총 상금 1,650만원 / 아이디어 기획(6점),제품 및 서비스 개발(6점) 총 12점",0,https://www.all-con.co.kr/data/poster/2405/513281.jpg?v=1716278117
제3회 고용노동 공공데이터 활용 공모전,고용노동부,고용노동부,24.03.29 ~ 24.07.21,아이디어·창업·네이밍,제한없음,총 1600 1등400,0,https://www.all-con.co.kr/data/poster/2405/513283.jpg?v=1716278541
2024 광명업사이클아트센터 업사이클 가구 공모전,광명시,광명업사이클아트센터,24.05.21 ~ 24.06.16,디자인·그림·웹툰,"일반인, 대학생, 대학원생, 고등학생","대상1명(150만원), 금상 3명(100만원),   은상5명(50만원), 동상10명(30만원)",0,https://www.all-con.co.kr/data/poster/2405/513287.jpg?v=1716278967
2024년 제주 공공데이터 활용 창업경진대회,"제주특별자치도, 제주지방기상청, JDC, 제주관광공사,제주특별자치도 개발공사",제주 공공데이터 개방 및 품질관리 추진 사업단,24.05.22 ~ 24.06.30,아이디어·창업·네이밍,제한없음,총 상금 1200만원,0,https://www.all-con.co.kr/data/poster/2405/513306.jpg?v=1716340299
2024년 대한민국 편지쓰기 공모전,우정사업본부,"우정인재개발원, 한국우편사업진흥원",24.05.14 ~ 24.09.10,아이디어·창업·네이밍,제한없음,총 600만원,0,https://www.all-con.co.kr/data/poster/2405/513308.jpg?v=1716340761
2024 힐링 영상대회(한국 최초 멍 때리기 동영상 공모),"한국미술진흥원,카파뉴스",힐링 영상대회 운영위원회,24.05.22 ~ 24.11.30,사진·영상,제한없음,대상(유튜브최다조회수 상금각100만원) 外,0,https://www.all-con.co.kr/data/poster/2405/513311.jpg?v=1716353751
제18회 농촌경관 사진·영상 공모전,농림축산식품부,한국농어촌공사,24.05.07 ~ 24.07.05,사진·영상,제한없음,"총 상금 2,190만원",0,https://www.all-con.co.kr/data/poster/2405/513314.jpg?v=1716354641
KBS UGC 공모전,KBS미디어 주식회사,KBS미디어 주식회사,24.05.21 ~ 24.07.21,사진·영상,"대학생, 대학원생, 초등학생, 중학생, 고등학생","총 상금 350만원 (대상 200만원(1명), 우수상 50만원(2명), 입상 5만원(10명)",0,https://www.all-con.co.kr/data/poster/2405/513318.png?v=1716354911
우리 동네 쩝쩝박사 모여라! 간단요리사 전국 요리 자랑,정식품,정식품,24.05.22 ~ 24.07.07,사진·영상,제한없음,100만원 상당의 호텔 숙박권,0,https://www.all-con.co.kr/data/poster/2405/513340.jpg?v=1716358570
세종사이버대학교 경찰학과 제복인의 선행·미담 영상콘텐츠 공모전,세종사이버대학교 경찰학과,세종사이버대학교 경찰학과,24.05.27 ~ 24.10.21,사진·영상,제한없음,"최우수상(1명) : 80만원, 우수상(2명) : 30만원, 장려상(3명) : 20만원",0,https://www.all-con.co.kr/data/poster/2405/513341.png?v=1716426249
2024 KB창작동화제 작품 공모,사회복지법인 아이들과미래재단,사회복지법인 아이들과미래재단,24.05.23 ~ 24.06.19,문학·학술·공학,제한없음,"대상(1) 문화체육관광부장관상 및 상금 1,000만원 外",0,https://www.all-con.co.kr/data/poster/2405/513346.png?v=1716370011
바다내비 활용 우수사례 공모전,해양수산부,한국해양교통안전공단,24.05.17 ~ 24.06.14,문학·학술·공학,"기타 (바다내비 단말기 또는 앱(App.)을 사용중이고「어선법」,「선박법」, 「수상레저안전법」에 따른 어선·선박·수상레저기구의 소유자)","총 60명 시상, 포상금 560만원",0,https://www.all-con.co.kr/data/poster/2405/513349.jpg?v=1716360306
2024년 제26회 수주문학상 작품 공모,부천시,"부천문화재단, 수주문학제운영위원회",24.06.17 ~ 24.07.19,문학·학술·공학,제한없음,"상금 1,000만원 및 상패",0,https://www.all-con.co.kr/data/poster/2405/513352.jpg?v=1716364004
한국방송통신대학교 KNOU 썰튜브 공모전,한국방송통신대학교,한국방송통신대학교,24.05.27 ~ 24.06.27,아이디어·창업·네이밍,제한없음,"대상(1명) 상금 100만 원, 사연 영상화 外",0,https://www.all-con.co.kr/data/poster/2405/513363.png?v=1716364477
KISTI 제1회 슈퍼컴퓨팅 가시화 경진대회 SUPER-VISION CHALLENGE,한국과학기술정보연구원,한국과학기술정보연구원,24.05.30 ~ 24.06.25,사진·영상,"기타 (국가슈퍼컴퓨팅센터 및 전문센터 슈퍼컴퓨터 사용자로서, 가시화에 관심있는 자)",총 시상금 550만 원 (한국과학기술정보연구원장상),0,https://www.all-con.co.kr/data/poster/2405/513375.png?v=1716440146
2024(上) GORI 신인문학상 공모전 4차 접수,초록쿠키,초록쿠키,24.06.01 ~ 24.06.14,문학·학술·공학,일반인,50만원,0,https://www.all-con.co.kr/data/poster/2405/513379.jpg?v=1716423867
"2024 K-STORY IN 영덕 웹소설, 웹툰 공모전",영덕군,알에스미디어,24.05.23 ~ 24.07.14,디자인·그림·웹툰,제한없음,웹소설 및 웹툰 부문 시상,0,https://www.all-con.co.kr/data/poster/2405/513381.jpg?v=1716424383
"리커버리 슬리퍼 바크, 디자인 공모전",주식회사 바크,주식회사 바크,24.05.23 ~ 24.06.30,아이디어·창업·네이밍,제한없음,"선정 될 시, 100만원 + 바크 슬리퍼 2족",0,https://www.all-con.co.kr/data/poster/2405/513382.jpeg?v=1716424516
2024 신보혁신 국민생각 공모전,신용보증기금,신용보증기금,24.05.13 ~ 24.06.30,아이디어·창업·네이밍,제한없음,최우수상 1명(팀) 100만원 外,0,https://www.all-con.co.kr/data/poster/2405/513387.jpg?v=1716426109
고용노동부 육아휴직 수기 공모전,고용노동부,고용노동부,24.05.22 ~ 24.06.27,문학·학술·공학,제한없음,총 상금 1400만원 및 커피차,0,https://www.all-con.co.kr/data/poster/2405/513390.png?v=1716437697
제32회 청소년소월문학상,배재대학교,배재대학교 국어국문·한국어교육학과,24.05.13 ~ 24.06.28,문학·학술·공학,고등학생,"대상(1) 배제대학교 총장상 및 상품, 학비 면제 外",0,https://www.all-con.co.kr/data/poster/2405/513391.png?v=1716427033
FEALAC RUN 독서 마라톤,"외교부, FEALAC 사이버사무국","외교부, FEALAC 사이버사무국",24.05.13 ~ 24.06.12,문학·학술·공학,제한없음,"[참가자 전원] 참가 기념품 우편 증정(책갈피, 컵받침) 外",0,https://www.all-con.co.kr/data/poster/2405/513393.jpg?v=1716438177
제24회 대학(원)생 국제법 논문 경시대회,외교부,대한국제법학회,24.06.01 ~ 24.08.31,문학·학술·공학,"대학생, 대학원생","최우수상(외교부장관상, 300만원) / 우수상(200만원) 外",0,https://www.all-con.co.kr/data/poster/2405/513401.jpg?v=1716439849
제16회 국제법 모의재판 경연대회,외교부,대한국제법학회,24.06.10 ~ 24.08.02,문학·학술·공학,"대학생, 대학원생",최우수상(1팀): 외교부장관상 및 대한국제법학회장 장학금 수여 (600만원) 外,0,https://www.all-con.co.kr/data/poster/2405/513402.jpg?v=1716439980
제45회 서울무용제 4마리백조 페스티벌-춤추는 릴스완(Reelswan) 챌린지,사단법인 대한무용협회,서울무용제조직위원회,24.07.01 ~ 24.07.31,사진·영상,제한없음,총 10팀 / 총 상금 500만원,0,https://www.all-con.co.kr/data/poster/2405/513412.png?v=1716451683
서울시 다국어 관광 안내 표지판 시민신고 캠페인,서울시,더에스엠씨그룹,24.05.03 ~ 24.06.11,아이디어·창업·네이밍,제한없음,온라인 상품권 5만원,0,https://www.all-con.co.kr/data/poster/2405/513419.png?v=1716452568
2024 핀업컨셉디자인어워드,(사)한국산업디자이너협회,(주)인텐시브,24.05.21 ~ 24.07.12,아이디어·창업·네이밍,"일반인, 대학생, 대학원생",상금 및 채용연계형 특전,0,https://www.all-con.co.kr/data/poster/2405/513430.jpg?v=1716454893
제3회 안동 여행기념품 공모전,"문화체육관광부,경상북도,안동시",한국정신문화재단,24.06.17 ~ 24.06.21,아이디어·창업·네이밍,제한없음,"대상 (1명)상금 500만원,금상 (2명)상금 350만원,은상 (3명)상금 300만원,동상 (4명)상금 150만원,장려상 (10명)상금 100만원,",0,https://www.all-con.co.kr/data/poster/2405/513433.jpg?v=1717130705
2024 아름다운 우리말 이름 가게 찾기 공모전,문화체육관광부,동아대학교 국어문화원,24.05.13 ~ 24.06.16,아이디어·창업·네이밍,기타 (부산 외 지역의 가게는 접수 불가),수상자: 1편당 문화상품권 10만 원 / 선정된 가게: 현판 및 문화상품권 5만 원,0,https://www.all-con.co.kr/data/poster/2405/513437.jpg?v=1716768094
2024 제7회 핀테크 아이디어 공모전,금융위원회,한국핀테크지원센터,24.05.20 ~ 24.07.03,아이디어·창업·네이밍,제한없음,"대상 (1개 팀) : 2,000만원 / 우수상 (3개 팀) : 각 1,000만원 外",0,https://www.all-con.co.kr/data/poster/2405/513440.jpg?v=1716768281
제9회 수산자원을 부탁해 - <海피니스:폐어구 재활용  상생해루질 공모전>,"해양수산부, 한국어촌어항공단",아트숨비,24.05.16 ~ 24.07.14,아이디어·창업·네이밍,제한없음,시상금 1천만원 이하,0,https://www.all-con.co.kr/data/poster/2405/513444.jpg?v=1716525336
2024 말톡나우 숏폼 공모전,(주)다이얼커뮤니케이션즈 /말톡,(주)다이얼커뮤니케이션즈 /말톡,24.05.24 ~ 24.06.23,사진·영상,제한없음,1등: 100만원/ 2등:50만원/ 3등:20만원 / 참가상:커피쿠폰,0,https://www.all-con.co.kr/data/poster/2405/513447.jpg?v=1716769011
삼대가 함께하는 제1회 과자체험키트 만들기 대회,아트밸리,아트밸리,24.05.24 ~ 24.07.15,사진·영상,제한없음,"1등(1팀) 100만원, 2등(2팀) 50만원 外",0,https://www.all-con.co.kr/data/poster/2405/513451.png?v=1716769311
2024 서울시 콘텐츠분야 청년창작자 창업지원사업,서울시,(주)맵씨,24.05.13 ~ 24.06.14,디자인·그림·웹툰,기타,온·오프라인 그룹전시회 개최 / 전시 도록 제작 및 매체를 통한 홍보,0,https://www.all-con.co.kr/data/poster/2405/513459.jpg?v=1716770435
제24회 대한민국 청자공모전,강진군,고려청자박물관,24.08.02 ~ 24.08.16,디자인·그림·웹툰,제한없음,"총 상금 32,200,000원  /총 수상자 31인",0,https://www.all-con.co.kr/data/poster/2405/513460.jpeg?v=1716770597
2024 가야역사문화 멀티미디어 공모전,가야고분군 세계유산통합관리지원단,스마트크리에이터,24.05.24 ~ 24.07.12,사진·영상,제한없음,"사진부문 [대상/최우우상/우수상], 웹툰&4컷툰 부문[대상/최우우상/우수상]",0,https://www.all-con.co.kr/data/poster/2405/513471.jpg?v=1716771514
Blaybus 전략기획직무 실전과제 미디어/엔터테인먼트 신사업기획 공모전,Blaybus,Blaybus,24.05.24 ~ 24.06.18,아이디어·창업·네이밍,제한없음,우수팀(총 3팀) 대상 상장 부여,0,https://www.all-con.co.kr/data/poster/2405/513472.png?v=1716771654
제16회 미래내모습그리기대회 모집 공고,고용노동부,한국폴리텍대학,24.06.03 ~ 24.07.19,디자인·그림·웹툰,"초등학생, 중학생, 고등학생, 기타 (유치원생)","총 1,820만",0,https://www.all-con.co.kr/data/poster/2405/513478.jpg?v=1716772729
제7회 이주배경청소년&대학생 온라인 백일장 공모전,숙명여자대학교 아시아여성연구원,숙명여자대학교 아시아여성연구원,24.05.21 ~ 24.09.30,디자인·그림·웹툰,"대학생, 대학원생, 초등학생, 중학생, 고등학생",대상 1편 - 상금 100만원 外,0,https://www.all-con.co.kr/data/poster/2405/513480.jpg?v=1716772917
제17회 한국살이 체험담 현상공모전,숙명여자대학교 아시아여성연구원,숙명여자대학교 아시아여성연구원,24.05.21 ~ 24.09.30,문학·학술·공학,"일반인, 주부 및 영유아","대상 1편 - 상금 200만원,  최우수상 2편 - 상금 100만원 外",0,https://www.all-con.co.kr/data/poster/2405/513481.jpg?v=1716773159
공주여행 100배 즐기기 숏폼 영상 공모전,공주시청,공주시청,24.05.24 ~ 24.07.20,사진·영상,제한없음,총 1천만원 규모,0,https://www.all-con.co.kr/data/poster/2405/513482.jpg?v=1716773280
2024년 인권문화 참여·확산을 위한 인권공모전,국가인권위원회,국가인권위원회,24.06.01 ~ 24.07.14,사진·영상,제한없음,"시상금 영상(200만원) 총 1,500만원 外",0,https://www.all-con.co.kr/data/poster/2405/513488.jpg?v=1716781888
제7회 고흥분청사기 전국 공모전,고흥분청문화박물관,-,24.08.05 ~ 24.08.10,디자인·그림·웹툰,"기타 (국내외 작가(19세이상, 성인))","30명 내외 / 38,000천원 / 상장  ​",0,https://www.all-con.co.kr/data/poster/2405/513490.jpg?v=1716782321
샤크(SHARK) 자율주행대회,성남시,"성남산업진흥원, 모라이",24.05.27 ~ 24.06.14,문학·학술·공학,"대학생, 대학원생","대상(1팀) 200만 원, 최우수상(1팀) 100만 원, 우수상(4팀) 50만 원",0,https://www.all-con.co.kr/data/poster/2405/513507.jpg?v=1716959238
제41회 영농생활수기 공모,농민신문사,농민신문사,24.05.20 ~ 24.07.01,문학·학술·공학,제한없음,총 상금 1600만원,0,https://www.all-con.co.kr/data/poster/2405/513508.png?v=1716794149
제9회 학교 흡연예방 및 금연 작품 공모전,서울특별시교육청,서울특별시교육청보건안전진흥원,24.05.27 ~ 24.08.09,사진·영상,"초등학생, 중학생, 고등학생, 기타","최우수상: 300,000원 상당 부상 및 교육감상",0,https://www.all-con.co.kr/data/poster/2405/513516.png?v=1716794979
2024 제7회 학생독립운동 113초 영화제,광주학생독립운동기념회관,광주학생독립운동기념회관,24.05.27 ~ 24.09.20,사진·영상,"중학생, 고등학생",대상1팀 국가보훈부장관상(150만원) 등,0,https://www.all-con.co.kr/data/poster/2405/513520.jpg?v=1716799840
창업 인큐베이팅 경진대회 2024 참가자 모집 공고 with 동국대학교,중소벤처기업부,창업진흥원,24.05.13 ~ 24.06.14,아이디어·창업·네이밍,제한없음,"상장 32점, 상금 총 28.2백만원",0,https://www.all-con.co.kr/data/poster/2405/513525.png?v=1716800175
제8회 국방과학기술대제전 브릭 모형 제작 & 웹툰 아이디어 공모전 안내,방위사업청,한국방위산업진흥회,24.05.27 ~ 24.07.18,아이디어·창업·네이밍,"일반인, 대학생, 초등학생, 중학생, 고등학생",1등: 방위사업청장상 시상 및 100만원 수여 外,0,https://www.all-con.co.kr/data/poster/2405/513526.jpg?v=1716800237
하나금융그룹 하나 디지털 파워 온 프로젝트 3기 모집,하나금융그룹,아이들과미래재단,24.05.27 ~ 24.06.23,아이디어·창업·네이밍,"대학생, 대학원생","총 상금 3,000만원",0,https://www.all-con.co.kr/data/poster/2405/513528.jpg?v=1716854520
2024 CJ대한통운 미래기술 챌린지,CJ대한통운,CJ대한통운,24.05.20 ~ 24.06.16,아이디어·창업·네이밍,"일반인, 대학생, 기타","채용특전 및 총 상금 2,100만원",0,https://www.all-con.co.kr/data/poster/2405/513531.jpg?v=1716855386
2024 광주 아시아건축국제공모전 (일반공모전+아이디어공모전),광주광역시,"사.광주건축단체연합회,사.한국건축가협회 광주전남건축가회",24.07.31 ~ 24.08.16,아이디어·창업·네이밍,제한없음,"대상(1) 문화체육관광부 장관상, 상금 1,000만원 外",0,https://www.all-con.co.kr/data/poster/2405/513533.png?v=1716856275
제11회 전국 무한상상 과학탐구 서바이벌대전,김천시,김천시,24.06.01 ~ 24.06.30,문학·학술·공학,"초등학생, 중학생, 고등학생","총 2,070만원 (대상 200만원 外)",0,https://www.all-con.co.kr/data/poster/2405/513551.jpg?v=1716886348
제23회 전파분야 대학(원)생 논문 공모,"한국방송통신전파진흥원, 한국전자파학회","한국방송통신전파진흥원, 한국전자파학회",24.07.01 ~ 24.08.19,문학·학술·공학,대학원생,1등 상금 500만원 外,0,https://www.all-con.co.kr/data/poster/2405/513553.jpg?v=1716879521
나만의 픽! 남해안 걷기여행 코스 공모전,경상남도 관광재단,경상남도 관광재단,24.04.30 ~ 24.07.29,아이디어·창업·네이밍,제한없음,"상금 1,800,000원",0,https://www.all-con.co.kr/data/poster/2405/513554.jpg?v=1716880136
2024 RecurDyn Simulation 경진대회,펑션베이(주),펑션베이(주),24.06.24 ~ 24.06.26,문학·학술·공학,"대학생, 대학원생","금상 200만원, 은상 100만원, 동상 50만원",0,https://www.all-con.co.kr/data/poster/2405/513557.jpg?v=1716879850
제16회 제주국제사진 공모전,동아일보사·제주특별자치도,-,24.06.03 ~ 24.09.09,사진·영상,제한없음,"총 6,600,000 원 (총 22 명)",0,https://www.all-con.co.kr/data/poster/2405/513558.jpg?v=1716880012
2024 국세청 웹툰 공모전,국세청,국세청,24.05.28 ~ 24.08.25,디자인·그림·웹툰,"일반인, 대학생",금상 (1명) : 상금 300만원 外,0,https://www.all-con.co.kr/data/poster/2405/513563.jpg?v=1716885197
2024 제3회 경기도예술영화제 단편영화 공모,(사)한국영화인협회 경기도지회,GAFF집행위원회,24.06.24 ~ 24.08.15,사진·영상,"일반인, 대학생, 대학원생, 고등학생","학생부 최우수작품상, 우수작품상 外",0,https://www.all-con.co.kr/data/poster/2405/513564.jpg?v=1716885318
"인천공항 청렴윤리, 인권 대국민 공모전",인천국제공항공사,인천국제공항공사,24.05.27 ~ 24.06.30,아이디어·창업·네이밍,제한없음,총상금 560만,0,https://www.all-con.co.kr/data/poster/2405/513565.jpg?v=1716885583
휘경동 골목에 낭만의 바람을 불어넣을 참여팀을 모집합니다,"서울시립대학교 캠퍼스타운사업단, 동대문문화재단","서울시립대학교 캠퍼스타운사업단, 동대문문화재단",24.05.27 ~ 24.06.13,아이디어·창업·네이밍,"일반인, 대학생, 대학원생","프로젝트 참여비: 150만원(참여팀 전체), 상금: 최대 100만원(최대)",0,https://www.all-con.co.kr/data/poster/2405/513566.jpg?v=1716885978
2024년 우리가 바라는 안전한 학교 공모전,한국교육시설안전원,한국교육시설안전원,24.04.11 ~ 24.06.28,사진·영상,제한없음,"1등 100만원(부문별 상이) 총 2,400만원 外",0,https://www.all-con.co.kr/data/poster/2405/513582.jpg?v=1716948370
2024울산조선해양축제 기발한 배 콘테스트,울산조선해양축제추진위원회,울산조선해양축제추진위원회,24.05.20 ~ 24.06.28,아이디어·창업·네이밍,제한없음,부문별 상이,0,https://www.all-con.co.kr/data/poster/2405/513592.jpg?v=1717027182
'내가 만드는 해치' 콘텐츠 2차 공모전,서울특별시,서울특별시,24.05.29 ~ 24.07.31,사진·영상,제한없음,"총 1,420만원의 상금",0,https://www.all-con.co.kr/data/poster/2405/513595.jpg?v=1717027660
2024 파주시 유튜브 영상공모전 파주의 미,파주시청,파주시청,24.06.03 ~ 24.06.28,사진·영상,제한없음,총 330만원,0,https://www.all-con.co.kr/data/poster/2405/513604.png?v=1717028605
다시 쓰는 성공기 제12회 재도전 사례 공모전,중소벤처기업부,중소벤처기업부,24.05.23 ~ 24.06.28,아이디어·창업·네이밍,제한없음,대상(1점) : 중소벤처기업부 장관상 및 500만원 外,0,https://www.all-con.co.kr/data/poster/2405/513608.png?v=1717028850
상병수당 시범사업 체험수기 공모전,국민건강보험공단,국민건강보험공단,24.05.29 ~ 24.06.28,문학·학술·공학,기타 (상병수당 시범사업 운영지역 수혜자 또는 수혜자 가족),최우수상 1명 100만원 등,0,https://www.all-con.co.kr/data/poster/2405/513610.jpg?v=1717029066
2024 마포문화재단 지역예술가 전시공간 지원사업 참여작가 공모,마포문화재단,마포문화재단,24.05.20 ~ 24.06.28,디자인·그림·웹툰,기타,전시공간 제공 등,0,https://www.all-con.co.kr/data/poster/2405/513615.jpg?v=1717029703
2024 고망고 영상 공모전,고망고,고망고,24.06.01 ~ 24.07.10,사진·영상,제한없음,"대상(1명) : 상금 200만원, 최우수상(1명) : 상금 100만원 外",0,https://www.all-con.co.kr/data/poster/2405/513621.jpg?v=1717049285
꿈다락 리모델링 아이디어 공모전,구세군,구세군,24.05.31 ~ 24.06.23,아이디어·창업·네이밍,제한없음,총 6명 선발 시상 [상장과 상품],0,https://www.all-con.co.kr/data/poster/2405/513627.jpg?v=1717047421
생명보험사회공헌재단 사회공헌사업 통합 BI 디자인 콘테스트,생명보험사회공헌재단,생명보험사회공헌재단,24.05.29 ~ 24.07.07,디자인·그림·웹툰,제한없음,"1등 300만원 x 1명, 2등 100만원 x 1명",0,https://www.all-con.co.kr/data/poster/2405/513628.png?v=1717047664
19회 부산국제어린이청소년영화제 영화 포스터 그림 공모,(사)부산국제어린이청소년영화제,(사)부산국제어린이청소년영화제,24.05.16 ~ 24.06.14,디자인·그림·웹툰,"초등학생, 중학생, 고등학생",멋진미래상 / 밝은미래상 / 선명한미래상 / 어깨동무상,0,https://www.all-con.co.kr/data/poster/2405/513632.png?v=1717047918
2024년 공개SW 개발자대회,과학기술정보통신부,정보통신산업진흥원,24.05.29 ~ 24.07.04,아이디어·창업·네이밍,제한없음,"시상금 1등 1,000만원 총 5,800만원 이외 포스터 이미지 및 공식 홈페이지 참고",0,https://www.all-con.co.kr/data/poster/2405/513633.jpg?v=1717048206
2024년도 제23회 국립공원 사진 공모전,국립공원공단,국립공원공단,24.06.17 ~ 24.07.31,사진·영상,제한없음,"총 상금 4,000만원(80개 작품)",0,https://www.all-con.co.kr/data/poster/2405/513634.jpg?v=1717048396
2024 Jewerly POP-UP 카피라이팅 공모전,프리즘,브랜드유,24.05.28 ~ 24.06.18,아이디어·창업·네이밍,"대학생, 대학원생",총금액: 120만원 이하 / 1등 시상: 50만원 外,0,https://www.all-con.co.kr/data/poster/2405/513635.jpg?v=1717048608
2024 강경젓갈축제 강경젓갈·상월고구마 캐릭터 디자인 공모전,논산문화관광재단,논산문화관광재단,24.05.30 ~ 24.06.26,디자인·그림·웹툰,제한없음,"1등 400만원 x 1명, 2등 100만원 x 1명",0,https://www.all-con.co.kr/data/poster/2405/513636.png?v=1717048898
2024년 전주 로컬브랜딩 커뮤니티 지원사업 Why Not?  참여 커뮤니티 모집,전주소통협력센터,전주소통협력센터,24.05.30 ~ 24.06.14,아이디어·창업·네이밍,제한없음,팀당 최대 200만 원 지원,0,https://www.all-con.co.kr/data/poster/2405/513637.png?v=1717048996
뷰티브랜드 티르티르 디자인 공모전,(주)티르티르,(주)티르티르,24.06.10 ~ 24.06.30,디자인·그림·웹툰,"대학생, 대학원생",총 상금 1500만원 상당,0,https://www.all-con.co.kr/data/poster/2405/513648.jpg?v=1717056580
부산mbc 뉴미디어 캐릭터 공모전,부산문화방송,부산문화방송,24.05.30 ~ 24.06.23,디자인·그림·웹툰,제한없음,대상- 200만원,0,https://www.all-con.co.kr/data/poster/2405/513651.jpg?v=1717058354
BAT로스만스 에코리그 환경분야 아이디어 대회,BAT로스만스,(주)생각나눔소,24.05.30 ~ 24.07.05,아이디어·창업·네이밍,"대학생, 기타 (전국 대학교 재학생 및 휴학생 또는 졸업 후 5년 이내 ,대학 석사 졸업 및 수료 제외)","대상 500만원(1팀), 최우수상 200만원(2팀), 우수상 50만원(2팀)",0,https://www.all-con.co.kr/data/poster/2405/513660.jpg?v=1717116235
유익한 라이프 뷰티 브랜드 ‘캄프(calmf)’의 핸드 크림 선물 패키지를 디자인해주세요!,캄프,이미지네이션스페이스,24.06.01 ~ 24.06.21,디자인·그림·웹툰,제한없음,1등(1명) : 백화점상품권 30만원 外,0,https://www.all-con.co.kr/data/poster/2405/513670.png?v=1717119055
2024 철도공익복지재단 사회공헌 사업 공모전,철도공익복지재단,철도공익복지재단,24.06.03 ~ 24.06.30,아이디어·창업·네이밍,일반인,최소 5백만원 ~ 최대 1천만원,0,https://www.all-con.co.kr/data/poster/2405/513671.jpg?v=1717128066
광주경제자유구역 앰비언트 광고 아이디어 공모전,광주경제자유구역청,광주경제자유구역청,24.05.27 ~ 24.07.14,아이디어·창업·네이밍,제한없음,"대상 200만원(1명), 최우수상 100만원(2명) 外",0,https://www.all-con.co.kr/data/poster/2405/513673.png?v=1717128246
UNESCO ICM: 2024 국제무예사진공모전,유네스코 국제무예센터,유네스코 국제무예센터,24.05.30 ~ 24.07.22,사진·영상,제한없음,시상금 / 1등 500만원,0,https://www.all-con.co.kr/data/poster/2405/513681.jpg?v=1717132757
2024 DIA 개최 및 공모(Design Intelligence Award),China Academy of Art,China Academy of Art,24.01.01 ~ 24.07.14,디자인·그림·웹툰,제한없음,"총 상금 ¥5,000,000(약 9억 4천만원)",0,https://www.all-con.co.kr/data/poster/2405/513683.png?v=1717132430
쇼타임(SHORTIME) 쇼츠 영상 시나리오를 찾아요.,코드크레용,코드크레용,24.06.01 ~ 24.06.16,문학·학술·공학,"일반인, 기타 (현업 작가 혹은 작가 지망생)","상금 100만원 + 영상 콘텐츠 제작 지원(감독, 촬영, 배우 섭외 등)",0,https://www.all-con.co.kr/data/poster/2405/513692.png?v=1717137684
제1회 헤럴드 디자인 공모전,헤럴드,헤럴드,24.05.23 ~ 24.07.10,디자인·그림·웹툰,제한없음,대상 1명(팀) 500만원 外,0,https://www.all-con.co.kr/data/poster/2405/513693.png?v=1717136567
